solid expression_controller_baseplate
  facet normal 0 0 1
    outer loop
      vertex -49 -39 0
      vertex 49 -39 0
      vertex 49 39 0
    endloop
  endfacet
  facet normal 0 0 1
    outer loop
      vertex -49 -39 0
      vertex 49 39 0
      vertex -49 39 0
    endloop
  endfacet
  facet normal 0 0 -1
    outer loop
      vertex -49 -39 2.4
      vertex -49 39 2.4
      vertex 49 39 2.4
    endloop
  endfacet
  facet normal 0 0 -1
    outer loop
      vertex -49 -39 2.4
      vertex 49 39 2.4
      vertex 49 -39 2.4
    endloop
  endfacet
  facet normal 0 1 0
    outer loop
      vertex -49 -39 0
      vertex -49 -39 2.4
      vertex 49 -39 2.4
    endloop
  endfacet
  facet normal 0 1 0
    outer loop
      vertex -49 -39 0
      vertex 49 -39 2.4
      vertex 49 -39 0
    endloop
  endfacet
  facet normal -1 0 0
    outer loop
      vertex 49 -39 0
      vertex 49 -39 2.4
      vertex 49 39 2.4
    endloop
  endfacet
  facet normal -1 0 0
    outer loop
      vertex 49 -39 0
      vertex 49 39 2.4
      vertex 49 39 0
    endloop
  endfacet
  facet normal 0 -1 0
    outer loop
      vertex 49 39 0
      vertex 49 39 2.4
      vertex -49 39 2.4
    endloop
  endfacet
  facet normal 0 -1 0
    outer loop
      vertex 49 39 0
      vertex -49 39 2.4
      vertex -49 39 0
    endloop
  endfacet
  facet normal 1 0 -0
    outer loop
      vertex -49 39 0
      vertex -49 39 2.4
      vertex -49 -39 2.4
    endloop
  endfacet
  facet normal 1 0 0
    outer loop
      vertex -49 39 0
      vertex -49 -39 2.4
      vertex -49 -39 0
    endloop
  endfacet
  facet normal 0.997859 0.0654031 0
    outer loop
      vertex -38.7 -32.9 2.4
      vertex -38.7299 -32.4432 2.4
      vertex -38.7299 -32.4432 9.4
    endloop
  endfacet
  facet normal 0.997859 0.0654031 -0
    outer loop
      vertex -38.7 -32.9 2.4
      vertex -38.7299 -32.4432 9.4
      vertex -38.7 -32.9 9.4
    endloop
  endfacet
  facet normal -0.997859 -0.0654031 0
    outer loop
      vertex -40.6137 -32.6912 2.4
      vertex -40.6 -32.9 2.4
      vertex -40.6 -32.9 9.4
    endloop
  endfacet
  facet normal -0.997859 -0.0654031 0
    outer loop
      vertex -40.6137 -32.6912 2.4
      vertex -40.6 -32.9 9.4
      vertex -40.6137 -32.6912 9.4
    endloop
  endfacet
  facet normal 0 0 1
    outer loop
      vertex -38.7 -32.9 9.4
      vertex -38.7299 -32.4432 9.4
      vertex -40.6137 -32.6912 9.4
    endloop
  endfacet
  facet normal 0 0 1
    outer loop
      vertex -38.7 -32.9 9.4
      vertex -40.6137 -32.6912 9.4
      vertex -40.6 -32.9 9.4
    endloop
  endfacet
  facet normal 0 -0 -1
    outer loop
      vertex -38.7299 -32.4432 2.4
      vertex -38.7 -32.9 2.4
      vertex -40.6 -32.9 2.4
    endloop
  endfacet
  facet normal 0 0 -1
    outer loop
      vertex -38.7299 -32.4432 2.4
      vertex -40.6 -32.9 2.4
      vertex -40.6137 -32.6912 2.4
    endloop
  endfacet
  facet normal 0.980785 0.19509 0
    outer loop
      vertex -38.7299 -32.4432 2.4
      vertex -38.8193 -31.9941 2.4
      vertex -38.8193 -31.9941 9.4
    endloop
  endfacet
  facet normal 0.980785 0.19509 -0
    outer loop
      vertex -38.7299 -32.4432 2.4
      vertex -38.8193 -31.9941 9.4
      vertex -38.7299 -32.4432 9.4
    endloop
  endfacet
  facet normal -0.980785 -0.19509 0
    outer loop
      vertex -40.6545 -32.4859 2.4
      vertex -40.6137 -32.6912 2.4
      vertex -40.6137 -32.6912 9.4
    endloop
  endfacet
  facet normal -0.980785 -0.19509 0
    outer loop
      vertex -40.6545 -32.4859 2.4
      vertex -40.6137 -32.6912 9.4
      vertex -40.6545 -32.4859 9.4
    endloop
  endfacet
  facet normal 0 0 1
    outer loop
      vertex -38.7299 -32.4432 9.4
      vertex -38.8193 -31.9941 9.4
      vertex -40.6545 -32.4859 9.4
    endloop
  endfacet
  facet normal 0 0 1
    outer loop
      vertex -38.7299 -32.4432 9.4
      vertex -40.6545 -32.4859 9.4
      vertex -40.6137 -32.6912 9.4
    endloop
  endfacet
  facet normal 0 -0 -1
    outer loop
      vertex -38.8193 -31.9941 2.4
      vertex -38.7299 -32.4432 2.4
      vertex -40.6137 -32.6912 2.4
    endloop
  endfacet
  facet normal 0 0 -1
    outer loop
      vertex -38.8193 -31.9941 2.4
      vertex -40.6137 -32.6912 2.4
      vertex -40.6545 -32.4859 2.4
    endloop
  endfacet
  facet normal 0.94693 0.321439 0
    outer loop
      vertex -38.8193 -31.9941 2.4
      vertex -38.9664 -31.5606 2.4
      vertex -38.9664 -31.5606 9.4
    endloop
  endfacet
  facet normal 0.94693 0.321439 -0
    outer loop
      vertex -38.8193 -31.9941 2.4
      vertex -38.9664 -31.5606 9.4
      vertex -38.8193 -31.9941 9.4
    endloop
  endfacet
  facet normal -0.94693 -0.321439 0
    outer loop
      vertex -40.7218 -32.2877 2.4
      vertex -40.6545 -32.4859 2.4
      vertex -40.6545 -32.4859 9.4
    endloop
  endfacet
  facet normal -0.94693 -0.321439 0
    outer loop
      vertex -40.7218 -32.2877 2.4
      vertex -40.6545 -32.4859 9.4
      vertex -40.7218 -32.2877 9.4
    endloop
  endfacet
  facet normal 0 0 1
    outer loop
      vertex -38.8193 -31.9941 9.4
      vertex -38.9664 -31.5606 9.4
      vertex -40.7218 -32.2877 9.4
    endloop
  endfacet
  facet normal 0 0 1
    outer loop
      vertex -38.8193 -31.9941 9.4
      vertex -40.7218 -32.2877 9.4
      vertex -40.6545 -32.4859 9.4
    endloop
  endfacet
  facet normal 0 -0 -1
    outer loop
      vertex -38.9664 -31.5606 2.4
      vertex -38.8193 -31.9941 2.4
      vertex -40.6545 -32.4859 2.4
    endloop
  endfacet
  facet normal 0 0 -1
    outer loop
      vertex -38.9664 -31.5606 2.4
      vertex -40.6545 -32.4859 2.4
      vertex -40.7218 -32.2877 2.4
    endloop
  endfacet
  facet normal 0.896873 0.442289 0
    outer loop
      vertex -38.9664 -31.5606 2.4
      vertex -39.1689 -31.15 2.4
      vertex -39.1689 -31.15 9.4
    endloop
  endfacet
  facet normal 0.896873 0.442289 -0
    outer loop
      vertex -38.9664 -31.5606 2.4
      vertex -39.1689 -31.15 9.4
      vertex -38.9664 -31.5606 9.4
    endloop
  endfacet
  facet normal -0.896873 -0.442289 0
    outer loop
      vertex -40.8144 -32.1 2.4
      vertex -40.7218 -32.2877 2.4
      vertex -40.7218 -32.2877 9.4
    endloop
  endfacet
  facet normal -0.896873 -0.442289 0
    outer loop
      vertex -40.8144 -32.1 2.4
      vertex -40.7218 -32.2877 9.4
      vertex -40.8144 -32.1 9.4
    endloop
  endfacet
  facet normal 0 0 1
    outer loop
      vertex -38.9664 -31.5606 9.4
      vertex -39.1689 -31.15 9.4
      vertex -40.8144 -32.1 9.4
    endloop
  endfacet
  facet normal 0 0 1
    outer loop
      vertex -38.9664 -31.5606 9.4
      vertex -40.8144 -32.1 9.4
      vertex -40.7218 -32.2877 9.4
    endloop
  endfacet
  facet normal 0 -0 -1
    outer loop
      vertex -39.1689 -31.15 2.4
      vertex -38.9664 -31.5606 2.4
      vertex -40.7218 -32.2877 2.4
    endloop
  endfacet
  facet normal 0 0 -1
    outer loop
      vertex -39.1689 -31.15 2.4
      vertex -40.7218 -32.2877 2.4
      vertex -40.8144 -32.1 2.4
    endloop
  endfacet
  facet normal 0.83147 0.55557 0
    outer loop
      vertex -39.1689 -31.15 2.4
      vertex -39.4233 -30.7693 2.4
      vertex -39.4233 -30.7693 9.4
    endloop
  endfacet
  facet normal 0.83147 0.55557 -0
    outer loop
      vertex -39.1689 -31.15 2.4
      vertex -39.4233 -30.7693 9.4
      vertex -39.1689 -31.15 9.4
    endloop
  endfacet
  facet normal -0.83147 -0.55557 0
    outer loop
      vertex -40.9306 -31.926 2.4
      vertex -40.8144 -32.1 2.4
      vertex -40.8144 -32.1 9.4
    endloop
  endfacet
  facet normal -0.83147 -0.55557 0
    outer loop
      vertex -40.9306 -31.926 2.4
      vertex -40.8144 -32.1 9.4
      vertex -40.9306 -31.926 9.4
    endloop
  endfacet
  facet normal 0 0 1
    outer loop
      vertex -39.1689 -31.15 9.4
      vertex -39.4233 -30.7693 9.4
      vertex -40.9306 -31.926 9.4
    endloop
  endfacet
  facet normal 0 0 1
    outer loop
      vertex -39.1689 -31.15 9.4
      vertex -40.9306 -31.926 9.4
      vertex -40.8144 -32.1 9.4
    endloop
  endfacet
  facet normal 0 -0 -1
    outer loop
      vertex -39.4233 -30.7693 2.4
      vertex -39.1689 -31.15 2.4
      vertex -40.8144 -32.1 2.4
    endloop
  endfacet
  facet normal 0 0 -1
    outer loop
      vertex -39.4233 -30.7693 2.4
      vertex -40.8144 -32.1 2.4
      vertex -40.9306 -31.926 2.4
    endloop
  endfacet
  facet normal 0.75184 0.659346 0
    outer loop
      vertex -39.4233 -30.7693 2.4
      vertex -39.7251 -30.4251 2.4
      vertex -39.7251 -30.4251 9.4
    endloop
  endfacet
  facet normal 0.75184 0.659346 -0
    outer loop
      vertex -39.4233 -30.7693 2.4
      vertex -39.7251 -30.4251 9.4
      vertex -39.4233 -30.7693 9.4
    endloop
  endfacet
  facet normal -0.75184 -0.659346 0
    outer loop
      vertex -41.0686 -31.7686 2.4
      vertex -40.9306 -31.926 2.4
      vertex -40.9306 -31.926 9.4
    endloop
  endfacet
  facet normal -0.75184 -0.659346 0
    outer loop
      vertex -41.0686 -31.7686 2.4
      vertex -40.9306 -31.926 9.4
      vertex -41.0686 -31.7686 9.4
    endloop
  endfacet
  facet normal 0 0 1
    outer loop
      vertex -39.4233 -30.7693 9.4
      vertex -39.7251 -30.4251 9.4
      vertex -41.0686 -31.7686 9.4
    endloop
  endfacet
  facet normal 0 0 1
    outer loop
      vertex -39.4233 -30.7693 9.4
      vertex -41.0686 -31.7686 9.4
      vertex -40.9306 -31.926 9.4
    endloop
  endfacet
  facet normal 0 -0 -1
    outer loop
      vertex -39.7251 -30.4251 2.4
      vertex -39.4233 -30.7693 2.4
      vertex -40.9306 -31.926 2.4
    endloop
  endfacet
  facet normal 0 0 -1
    outer loop
      vertex -39.7251 -30.4251 2.4
      vertex -40.9306 -31.926 2.4
      vertex -41.0686 -31.7686 2.4
    endloop
  endfacet
  facet normal 0.659346 0.75184 0
    outer loop
      vertex -39.7251 -30.4251 2.4
      vertex -40.0693 -30.1233 2.4
      vertex -40.0693 -30.1233 9.4
    endloop
  endfacet
  facet normal 0.659346 0.75184 -0
    outer loop
      vertex -39.7251 -30.4251 2.4
      vertex -40.0693 -30.1233 9.4
      vertex -39.7251 -30.4251 9.4
    endloop
  endfacet
  facet normal -0.659346 -0.75184 0
    outer loop
      vertex -41.226 -31.6306 2.4
      vertex -41.0686 -31.7686 2.4
      vertex -41.0686 -31.7686 9.4
    endloop
  endfacet
  facet normal -0.659346 -0.75184 0
    outer loop
      vertex -41.226 -31.6306 2.4
      vertex -41.0686 -31.7686 9.4
      vertex -41.226 -31.6306 9.4
    endloop
  endfacet
  facet normal 0 0 1
    outer loop
      vertex -39.7251 -30.4251 9.4
      vertex -40.0693 -30.1233 9.4
      vertex -41.226 -31.6306 9.4
    endloop
  endfacet
  facet normal 0 0 1
    outer loop
      vertex -39.7251 -30.4251 9.4
      vertex -41.226 -31.6306 9.4
      vertex -41.0686 -31.7686 9.4
    endloop
  endfacet
  facet normal 0 -0 -1
    outer loop
      vertex -40.0693 -30.1233 2.4
      vertex -39.7251 -30.4251 2.4
      vertex -41.0686 -31.7686 2.4
    endloop
  endfacet
  facet normal 0 0 -1
    outer loop
      vertex -40.0693 -30.1233 2.4
      vertex -41.0686 -31.7686 2.4
      vertex -41.226 -31.6306 2.4
    endloop
  endfacet
  facet normal 0.55557 0.83147 0
    outer loop
      vertex -40.0693 -30.1233 2.4
      vertex -40.45 -29.8689 2.4
      vertex -40.45 -29.8689 9.4
    endloop
  endfacet
  facet normal 0.55557 0.83147 -0
    outer loop
      vertex -40.0693 -30.1233 2.4
      vertex -40.45 -29.8689 9.4
      vertex -40.0693 -30.1233 9.4
    endloop
  endfacet
  facet normal -0.55557 -0.83147 0
    outer loop
      vertex -41.4 -31.5144 2.4
      vertex -41.226 -31.6306 2.4
      vertex -41.226 -31.6306 9.4
    endloop
  endfacet
  facet normal -0.55557 -0.83147 0
    outer loop
      vertex -41.4 -31.5144 2.4
      vertex -41.226 -31.6306 9.4
      vertex -41.4 -31.5144 9.4
    endloop
  endfacet
  facet normal 0 0 1
    outer loop
      vertex -40.0693 -30.1233 9.4
      vertex -40.45 -29.8689 9.4
      vertex -41.4 -31.5144 9.4
    endloop
  endfacet
  facet normal 0 0 1
    outer loop
      vertex -40.0693 -30.1233 9.4
      vertex -41.4 -31.5144 9.4
      vertex -41.226 -31.6306 9.4
    endloop
  endfacet
  facet normal 0 -0 -1
    outer loop
      vertex -40.45 -29.8689 2.4
      vertex -40.0693 -30.1233 2.4
      vertex -41.226 -31.6306 2.4
    endloop
  endfacet
  facet normal 0 0 -1
    outer loop
      vertex -40.45 -29.8689 2.4
      vertex -41.226 -31.6306 2.4
      vertex -41.4 -31.5144 2.4
    endloop
  endfacet
  facet normal 0.442289 0.896873 0
    outer loop
      vertex -40.45 -29.8689 2.4
      vertex -40.8606 -29.6664 2.4
      vertex -40.8606 -29.6664 9.4
    endloop
  endfacet
  facet normal 0.442289 0.896873 -0
    outer loop
      vertex -40.45 -29.8689 2.4
      vertex -40.8606 -29.6664 9.4
      vertex -40.45 -29.8689 9.4
    endloop
  endfacet
  facet normal -0.442289 -0.896873 0
    outer loop
      vertex -41.5877 -31.4218 2.4
      vertex -41.4 -31.5144 2.4
      vertex -41.4 -31.5144 9.4
    endloop
  endfacet
  facet normal -0.442289 -0.896873 0
    outer loop
      vertex -41.5877 -31.4218 2.4
      vertex -41.4 -31.5144 9.4
      vertex -41.5877 -31.4218 9.4
    endloop
  endfacet
  facet normal 0 0 1
    outer loop
      vertex -40.45 -29.8689 9.4
      vertex -40.8606 -29.6664 9.4
      vertex -41.5877 -31.4218 9.4
    endloop
  endfacet
  facet normal 0 0 1
    outer loop
      vertex -40.45 -29.8689 9.4
      vertex -41.5877 -31.4218 9.4
      vertex -41.4 -31.5144 9.4
    endloop
  endfacet
  facet normal 0 -0 -1
    outer loop
      vertex -40.8606 -29.6664 2.4
      vertex -40.45 -29.8689 2.4
      vertex -41.4 -31.5144 2.4
    endloop
  endfacet
  facet normal 0 0 -1
    outer loop
      vertex -40.8606 -29.6664 2.4
      vertex -41.4 -31.5144 2.4
      vertex -41.5877 -31.4218 2.4
    endloop
  endfacet
  facet normal 0.321439 0.94693 0
    outer loop
      vertex -40.8606 -29.6664 2.4
      vertex -41.2941 -29.5193 2.4
      vertex -41.2941 -29.5193 9.4
    endloop
  endfacet
  facet normal 0.321439 0.94693 -0
    outer loop
      vertex -40.8606 -29.6664 2.4
      vertex -41.2941 -29.5193 9.4
      vertex -40.8606 -29.6664 9.4
    endloop
  endfacet
  facet normal -0.321439 -0.94693 0
    outer loop
      vertex -41.7859 -31.3545 2.4
      vertex -41.5877 -31.4218 2.4
      vertex -41.5877 -31.4218 9.4
    endloop
  endfacet
  facet normal -0.321439 -0.94693 0
    outer loop
      vertex -41.7859 -31.3545 2.4
      vertex -41.5877 -31.4218 9.4
      vertex -41.7859 -31.3545 9.4
    endloop
  endfacet
  facet normal 0 0 1
    outer loop
      vertex -40.8606 -29.6664 9.4
      vertex -41.2941 -29.5193 9.4
      vertex -41.7859 -31.3545 9.4
    endloop
  endfacet
  facet normal 0 0 1
    outer loop
      vertex -40.8606 -29.6664 9.4
      vertex -41.7859 -31.3545 9.4
      vertex -41.5877 -31.4218 9.4
    endloop
  endfacet
  facet normal 0 -0 -1
    outer loop
      vertex -41.2941 -29.5193 2.4
      vertex -40.8606 -29.6664 2.4
      vertex -41.5877 -31.4218 2.4
    endloop
  endfacet
  facet normal 0 0 -1
    outer loop
      vertex -41.2941 -29.5193 2.4
      vertex -41.5877 -31.4218 2.4
      vertex -41.7859 -31.3545 2.4
    endloop
  endfacet
  facet normal 0.19509 0.980785 0
    outer loop
      vertex -41.2941 -29.5193 2.4
      vertex -41.7432 -29.4299 2.4
      vertex -41.7432 -29.4299 9.4
    endloop
  endfacet
  facet normal 0.19509 0.980785 -0
    outer loop
      vertex -41.2941 -29.5193 2.4
      vertex -41.7432 -29.4299 9.4
      vertex -41.2941 -29.5193 9.4
    endloop
  endfacet
  facet normal -0.19509 -0.980785 0
    outer loop
      vertex -41.9912 -31.3137 2.4
      vertex -41.7859 -31.3545 2.4
      vertex -41.7859 -31.3545 9.4
    endloop
  endfacet
  facet normal -0.19509 -0.980785 0
    outer loop
      vertex -41.9912 -31.3137 2.4
      vertex -41.7859 -31.3545 9.4
      vertex -41.9912 -31.3137 9.4
    endloop
  endfacet
  facet normal 0 0 1
    outer loop
      vertex -41.2941 -29.5193 9.4
      vertex -41.7432 -29.4299 9.4
      vertex -41.9912 -31.3137 9.4
    endloop
  endfacet
  facet normal 0 0 1
    outer loop
      vertex -41.2941 -29.5193 9.4
      vertex -41.9912 -31.3137 9.4
      vertex -41.7859 -31.3545 9.4
    endloop
  endfacet
  facet normal 0 -0 -1
    outer loop
      vertex -41.7432 -29.4299 2.4
      vertex -41.2941 -29.5193 2.4
      vertex -41.7859 -31.3545 2.4
    endloop
  endfacet
  facet normal 0 0 -1
    outer loop
      vertex -41.7432 -29.4299 2.4
      vertex -41.7859 -31.3545 2.4
      vertex -41.9912 -31.3137 2.4
    endloop
  endfacet
  facet normal 0.0654031 0.997859 0
    outer loop
      vertex -41.7432 -29.4299 2.4
      vertex -42.2 -29.4 2.4
      vertex -42.2 -29.4 9.4
    endloop
  endfacet
  facet normal 0.0654031 0.997859 -0
    outer loop
      vertex -41.7432 -29.4299 2.4
      vertex -42.2 -29.4 9.4
      vertex -41.7432 -29.4299 9.4
    endloop
  endfacet
  facet normal -0.0654031 -0.997859 0
    outer loop
      vertex -42.2 -31.3 2.4
      vertex -41.9912 -31.3137 2.4
      vertex -41.9912 -31.3137 9.4
    endloop
  endfacet
  facet normal -0.0654031 -0.997859 0
    outer loop
      vertex -42.2 -31.3 2.4
      vertex -41.9912 -31.3137 9.4
      vertex -42.2 -31.3 9.4
    endloop
  endfacet
  facet normal 0 0 1
    outer loop
      vertex -41.7432 -29.4299 9.4
      vertex -42.2 -29.4 9.4
      vertex -42.2 -31.3 9.4
    endloop
  endfacet
  facet normal 0 0 1
    outer loop
      vertex -41.7432 -29.4299 9.4
      vertex -42.2 -31.3 9.4
      vertex -41.9912 -31.3137 9.4
    endloop
  endfacet
  facet normal 0 0 -1
    outer loop
      vertex -42.2 -29.4 2.4
      vertex -41.7432 -29.4299 2.4
      vertex -41.9912 -31.3137 2.4
    endloop
  endfacet
  facet normal 0 0 -1
    outer loop
      vertex -42.2 -29.4 2.4
      vertex -41.9912 -31.3137 2.4
      vertex -42.2 -31.3 2.4
    endloop
  endfacet
  facet normal -0.0654031 0.997859 0
    outer loop
      vertex -42.2 -29.4 2.4
      vertex -42.6568 -29.4299 2.4
      vertex -42.6568 -29.4299 9.4
    endloop
  endfacet
  facet normal -0.0654031 0.997859 0
    outer loop
      vertex -42.2 -29.4 2.4
      vertex -42.6568 -29.4299 9.4
      vertex -42.2 -29.4 9.4
    endloop
  endfacet
  facet normal 0.0654031 -0.997859 0
    outer loop
      vertex -42.4088 -31.3137 2.4
      vertex -42.2 -31.3 2.4
      vertex -42.2 -31.3 9.4
    endloop
  endfacet
  facet normal 0.0654031 -0.997859 0
    outer loop
      vertex -42.4088 -31.3137 2.4
      vertex -42.2 -31.3 9.4
      vertex -42.4088 -31.3137 9.4
    endloop
  endfacet
  facet normal 0 0 1
    outer loop
      vertex -42.2 -29.4 9.4
      vertex -42.6568 -29.4299 9.4
      vertex -42.4088 -31.3137 9.4
    endloop
  endfacet
  facet normal 0 0 1
    outer loop
      vertex -42.2 -29.4 9.4
      vertex -42.4088 -31.3137 9.4
      vertex -42.2 -31.3 9.4
    endloop
  endfacet
  facet normal 0 0 -1
    outer loop
      vertex -42.6568 -29.4299 2.4
      vertex -42.2 -29.4 2.4
      vertex -42.2 -31.3 2.4
    endloop
  endfacet
  facet normal 0 0 -1
    outer loop
      vertex -42.6568 -29.4299 2.4
      vertex -42.2 -31.3 2.4
      vertex -42.4088 -31.3137 2.4
    endloop
  endfacet
  facet normal -0.19509 0.980785 0
    outer loop
      vertex -42.6568 -29.4299 2.4
      vertex -43.1059 -29.5193 2.4
      vertex -43.1059 -29.5193 9.4
    endloop
  endfacet
  facet normal -0.19509 0.980785 0
    outer loop
      vertex -42.6568 -29.4299 2.4
      vertex -43.1059 -29.5193 9.4
      vertex -42.6568 -29.4299 9.4
    endloop
  endfacet
  facet normal 0.19509 -0.980785 0
    outer loop
      vertex -42.6141 -31.3545 2.4
      vertex -42.4088 -31.3137 2.4
      vertex -42.4088 -31.3137 9.4
    endloop
  endfacet
  facet normal 0.19509 -0.980785 0
    outer loop
      vertex -42.6141 -31.3545 2.4
      vertex -42.4088 -31.3137 9.4
      vertex -42.6141 -31.3545 9.4
    endloop
  endfacet
  facet normal 0 0 1
    outer loop
      vertex -42.6568 -29.4299 9.4
      vertex -43.1059 -29.5193 9.4
      vertex -42.6141 -31.3545 9.4
    endloop
  endfacet
  facet normal 0 0 1
    outer loop
      vertex -42.6568 -29.4299 9.4
      vertex -42.6141 -31.3545 9.4
      vertex -42.4088 -31.3137 9.4
    endloop
  endfacet
  facet normal 0 0 -1
    outer loop
      vertex -43.1059 -29.5193 2.4
      vertex -42.6568 -29.4299 2.4
      vertex -42.4088 -31.3137 2.4
    endloop
  endfacet
  facet normal 0 0 -1
    outer loop
      vertex -43.1059 -29.5193 2.4
      vertex -42.4088 -31.3137 2.4
      vertex -42.6141 -31.3545 2.4
    endloop
  endfacet
  facet normal -0.321439 0.94693 0
    outer loop
      vertex -43.1059 -29.5193 2.4
      vertex -43.5394 -29.6664 2.4
      vertex -43.5394 -29.6664 9.4
    endloop
  endfacet
  facet normal -0.321439 0.94693 0
    outer loop
      vertex -43.1059 -29.5193 2.4
      vertex -43.5394 -29.6664 9.4
      vertex -43.1059 -29.5193 9.4
    endloop
  endfacet
  facet normal 0.321439 -0.94693 0
    outer loop
      vertex -42.8123 -31.4218 2.4
      vertex -42.6141 -31.3545 2.4
      vertex -42.6141 -31.3545 9.4
    endloop
  endfacet
  facet normal 0.321439 -0.94693 0
    outer loop
      vertex -42.8123 -31.4218 2.4
      vertex -42.6141 -31.3545 9.4
      vertex -42.8123 -31.4218 9.4
    endloop
  endfacet
  facet normal 0 0 1
    outer loop
      vertex -43.1059 -29.5193 9.4
      vertex -43.5394 -29.6664 9.4
      vertex -42.8123 -31.4218 9.4
    endloop
  endfacet
  facet normal 0 0 1
    outer loop
      vertex -43.1059 -29.5193 9.4
      vertex -42.8123 -31.4218 9.4
      vertex -42.6141 -31.3545 9.4
    endloop
  endfacet
  facet normal 0 0 -1
    outer loop
      vertex -43.5394 -29.6664 2.4
      vertex -43.1059 -29.5193 2.4
      vertex -42.6141 -31.3545 2.4
    endloop
  endfacet
  facet normal 0 0 -1
    outer loop
      vertex -43.5394 -29.6664 2.4
      vertex -42.6141 -31.3545 2.4
      vertex -42.8123 -31.4218 2.4
    endloop
  endfacet
  facet normal -0.442289 0.896873 0
    outer loop
      vertex -43.5394 -29.6664 2.4
      vertex -43.95 -29.8689 2.4
      vertex -43.95 -29.8689 9.4
    endloop
  endfacet
  facet normal -0.442289 0.896873 0
    outer loop
      vertex -43.5394 -29.6664 2.4
      vertex -43.95 -29.8689 9.4
      vertex -43.5394 -29.6664 9.4
    endloop
  endfacet
  facet normal 0.442289 -0.896873 0
    outer loop
      vertex -43 -31.5144 2.4
      vertex -42.8123 -31.4218 2.4
      vertex -42.8123 -31.4218 9.4
    endloop
  endfacet
  facet normal 0.442289 -0.896873 0
    outer loop
      vertex -43 -31.5144 2.4
      vertex -42.8123 -31.4218 9.4
      vertex -43 -31.5144 9.4
    endloop
  endfacet
  facet normal 0 0 1
    outer loop
      vertex -43.5394 -29.6664 9.4
      vertex -43.95 -29.8689 9.4
      vertex -43 -31.5144 9.4
    endloop
  endfacet
  facet normal 0 0 1
    outer loop
      vertex -43.5394 -29.6664 9.4
      vertex -43 -31.5144 9.4
      vertex -42.8123 -31.4218 9.4
    endloop
  endfacet
  facet normal 0 0 -1
    outer loop
      vertex -43.95 -29.8689 2.4
      vertex -43.5394 -29.6664 2.4
      vertex -42.8123 -31.4218 2.4
    endloop
  endfacet
  facet normal 0 0 -1
    outer loop
      vertex -43.95 -29.8689 2.4
      vertex -42.8123 -31.4218 2.4
      vertex -43 -31.5144 2.4
    endloop
  endfacet
  facet normal -0.55557 0.83147 0
    outer loop
      vertex -43.95 -29.8689 2.4
      vertex -44.3307 -30.1233 2.4
      vertex -44.3307 -30.1233 9.4
    endloop
  endfacet
  facet normal -0.55557 0.83147 0
    outer loop
      vertex -43.95 -29.8689 2.4
      vertex -44.3307 -30.1233 9.4
      vertex -43.95 -29.8689 9.4
    endloop
  endfacet
  facet normal 0.55557 -0.83147 0
    outer loop
      vertex -43.174 -31.6306 2.4
      vertex -43 -31.5144 2.4
      vertex -43 -31.5144 9.4
    endloop
  endfacet
  facet normal 0.55557 -0.83147 0
    outer loop
      vertex -43.174 -31.6306 2.4
      vertex -43 -31.5144 9.4
      vertex -43.174 -31.6306 9.4
    endloop
  endfacet
  facet normal 0 0 1
    outer loop
      vertex -43.95 -29.8689 9.4
      vertex -44.3307 -30.1233 9.4
      vertex -43.174 -31.6306 9.4
    endloop
  endfacet
  facet normal 0 0 1
    outer loop
      vertex -43.95 -29.8689 9.4
      vertex -43.174 -31.6306 9.4
      vertex -43 -31.5144 9.4
    endloop
  endfacet
  facet normal 0 0 -1
    outer loop
      vertex -44.3307 -30.1233 2.4
      vertex -43.95 -29.8689 2.4
      vertex -43 -31.5144 2.4
    endloop
  endfacet
  facet normal 0 0 -1
    outer loop
      vertex -44.3307 -30.1233 2.4
      vertex -43 -31.5144 2.4
      vertex -43.174 -31.6306 2.4
    endloop
  endfacet
  facet normal -0.659346 0.75184 0
    outer loop
      vertex -44.3307 -30.1233 2.4
      vertex -44.6749 -30.4251 2.4
      vertex -44.6749 -30.4251 9.4
    endloop
  endfacet
  facet normal -0.659346 0.75184 0
    outer loop
      vertex -44.3307 -30.1233 2.4
      vertex -44.6749 -30.4251 9.4
      vertex -44.3307 -30.1233 9.4
    endloop
  endfacet
  facet normal 0.659346 -0.75184 0
    outer loop
      vertex -43.3314 -31.7686 2.4
      vertex -43.174 -31.6306 2.4
      vertex -43.174 -31.6306 9.4
    endloop
  endfacet
  facet normal 0.659346 -0.75184 0
    outer loop
      vertex -43.3314 -31.7686 2.4
      vertex -43.174 -31.6306 9.4
      vertex -43.3314 -31.7686 9.4
    endloop
  endfacet
  facet normal 0 0 1
    outer loop
      vertex -44.3307 -30.1233 9.4
      vertex -44.6749 -30.4251 9.4
      vertex -43.3314 -31.7686 9.4
    endloop
  endfacet
  facet normal 0 0 1
    outer loop
      vertex -44.3307 -30.1233 9.4
      vertex -43.3314 -31.7686 9.4
      vertex -43.174 -31.6306 9.4
    endloop
  endfacet
  facet normal 0 0 -1
    outer loop
      vertex -44.6749 -30.4251 2.4
      vertex -44.3307 -30.1233 2.4
      vertex -43.174 -31.6306 2.4
    endloop
  endfacet
  facet normal 0 0 -1
    outer loop
      vertex -44.6749 -30.4251 2.4
      vertex -43.174 -31.6306 2.4
      vertex -43.3314 -31.7686 2.4
    endloop
  endfacet
  facet normal -0.75184 0.659346 0
    outer loop
      vertex -44.6749 -30.4251 2.4
      vertex -44.9767 -30.7693 2.4
      vertex -44.9767 -30.7693 9.4
    endloop
  endfacet
  facet normal -0.75184 0.659346 0
    outer loop
      vertex -44.6749 -30.4251 2.4
      vertex -44.9767 -30.7693 9.4
      vertex -44.6749 -30.4251 9.4
    endloop
  endfacet
  facet normal 0.75184 -0.659346 0
    outer loop
      vertex -43.4694 -31.926 2.4
      vertex -43.3314 -31.7686 2.4
      vertex -43.3314 -31.7686 9.4
    endloop
  endfacet
  facet normal 0.75184 -0.659346 0
    outer loop
      vertex -43.4694 -31.926 2.4
      vertex -43.3314 -31.7686 9.4
      vertex -43.4694 -31.926 9.4
    endloop
  endfacet
  facet normal 0 0 1
    outer loop
      vertex -44.6749 -30.4251 9.4
      vertex -44.9767 -30.7693 9.4
      vertex -43.4694 -31.926 9.4
    endloop
  endfacet
  facet normal 0 0 1
    outer loop
      vertex -44.6749 -30.4251 9.4
      vertex -43.4694 -31.926 9.4
      vertex -43.3314 -31.7686 9.4
    endloop
  endfacet
  facet normal 0 0 -1
    outer loop
      vertex -44.9767 -30.7693 2.4
      vertex -44.6749 -30.4251 2.4
      vertex -43.3314 -31.7686 2.4
    endloop
  endfacet
  facet normal 0 0 -1
    outer loop
      vertex -44.9767 -30.7693 2.4
      vertex -43.3314 -31.7686 2.4
      vertex -43.4694 -31.926 2.4
    endloop
  endfacet
  facet normal -0.83147 0.55557 0
    outer loop
      vertex -44.9767 -30.7693 2.4
      vertex -45.2311 -31.15 2.4
      vertex -45.2311 -31.15 9.4
    endloop
  endfacet
  facet normal -0.83147 0.55557 0
    outer loop
      vertex -44.9767 -30.7693 2.4
      vertex -45.2311 -31.15 9.4
      vertex -44.9767 -30.7693 9.4
    endloop
  endfacet
  facet normal 0.83147 -0.55557 0
    outer loop
      vertex -43.5856 -32.1 2.4
      vertex -43.4694 -31.926 2.4
      vertex -43.4694 -31.926 9.4
    endloop
  endfacet
  facet normal 0.83147 -0.55557 0
    outer loop
      vertex -43.5856 -32.1 2.4
      vertex -43.4694 -31.926 9.4
      vertex -43.5856 -32.1 9.4
    endloop
  endfacet
  facet normal 0 0 1
    outer loop
      vertex -44.9767 -30.7693 9.4
      vertex -45.2311 -31.15 9.4
      vertex -43.5856 -32.1 9.4
    endloop
  endfacet
  facet normal 0 0 1
    outer loop
      vertex -44.9767 -30.7693 9.4
      vertex -43.5856 -32.1 9.4
      vertex -43.4694 -31.926 9.4
    endloop
  endfacet
  facet normal 0 0 -1
    outer loop
      vertex -45.2311 -31.15 2.4
      vertex -44.9767 -30.7693 2.4
      vertex -43.4694 -31.926 2.4
    endloop
  endfacet
  facet normal 0 0 -1
    outer loop
      vertex -45.2311 -31.15 2.4
      vertex -43.4694 -31.926 2.4
      vertex -43.5856 -32.1 2.4
    endloop
  endfacet
  facet normal -0.896873 0.442289 0
    outer loop
      vertex -45.2311 -31.15 2.4
      vertex -45.4336 -31.5606 2.4
      vertex -45.4336 -31.5606 9.4
    endloop
  endfacet
  facet normal -0.896873 0.442289 0
    outer loop
      vertex -45.2311 -31.15 2.4
      vertex -45.4336 -31.5606 9.4
      vertex -45.2311 -31.15 9.4
    endloop
  endfacet
  facet normal 0.896873 -0.442289 0
    outer loop
      vertex -43.6782 -32.2877 2.4
      vertex -43.5856 -32.1 2.4
      vertex -43.5856 -32.1 9.4
    endloop
  endfacet
  facet normal 0.896873 -0.442289 0
    outer loop
      vertex -43.6782 -32.2877 2.4
      vertex -43.5856 -32.1 9.4
      vertex -43.6782 -32.2877 9.4
    endloop
  endfacet
  facet normal 0 0 1
    outer loop
      vertex -45.2311 -31.15 9.4
      vertex -45.4336 -31.5606 9.4
      vertex -43.6782 -32.2877 9.4
    endloop
  endfacet
  facet normal 0 0 1
    outer loop
      vertex -45.2311 -31.15 9.4
      vertex -43.6782 -32.2877 9.4
      vertex -43.5856 -32.1 9.4
    endloop
  endfacet
  facet normal 0 0 -1
    outer loop
      vertex -45.4336 -31.5606 2.4
      vertex -45.2311 -31.15 2.4
      vertex -43.5856 -32.1 2.4
    endloop
  endfacet
  facet normal 0 0 -1
    outer loop
      vertex -45.4336 -31.5606 2.4
      vertex -43.5856 -32.1 2.4
      vertex -43.6782 -32.2877 2.4
    endloop
  endfacet
  facet normal -0.94693 0.321439 0
    outer loop
      vertex -45.4336 -31.5606 2.4
      vertex -45.5807 -31.9941 2.4
      vertex -45.5807 -31.9941 9.4
    endloop
  endfacet
  facet normal -0.94693 0.321439 0
    outer loop
      vertex -45.4336 -31.5606 2.4
      vertex -45.5807 -31.9941 9.4
      vertex -45.4336 -31.5606 9.4
    endloop
  endfacet
  facet normal 0.94693 -0.321439 0
    outer loop
      vertex -43.7455 -32.4859 2.4
      vertex -43.6782 -32.2877 2.4
      vertex -43.6782 -32.2877 9.4
    endloop
  endfacet
  facet normal 0.94693 -0.321439 0
    outer loop
      vertex -43.7455 -32.4859 2.4
      vertex -43.6782 -32.2877 9.4
      vertex -43.7455 -32.4859 9.4
    endloop
  endfacet
  facet normal 0 0 1
    outer loop
      vertex -45.4336 -31.5606 9.4
      vertex -45.5807 -31.9941 9.4
      vertex -43.7455 -32.4859 9.4
    endloop
  endfacet
  facet normal 0 0 1
    outer loop
      vertex -45.4336 -31.5606 9.4
      vertex -43.7455 -32.4859 9.4
      vertex -43.6782 -32.2877 9.4
    endloop
  endfacet
  facet normal 0 0 -1
    outer loop
      vertex -45.5807 -31.9941 2.4
      vertex -45.4336 -31.5606 2.4
      vertex -43.6782 -32.2877 2.4
    endloop
  endfacet
  facet normal 0 0 -1
    outer loop
      vertex -45.5807 -31.9941 2.4
      vertex -43.6782 -32.2877 2.4
      vertex -43.7455 -32.4859 2.4
    endloop
  endfacet
  facet normal -0.980785 0.19509 0
    outer loop
      vertex -45.5807 -31.9941 2.4
      vertex -45.6701 -32.4432 2.4
      vertex -45.6701 -32.4432 9.4
    endloop
  endfacet
  facet normal -0.980785 0.19509 0
    outer loop
      vertex -45.5807 -31.9941 2.4
      vertex -45.6701 -32.4432 9.4
      vertex -45.5807 -31.9941 9.4
    endloop
  endfacet
  facet normal 0.980785 -0.19509 0
    outer loop
      vertex -43.7863 -32.6912 2.4
      vertex -43.7455 -32.4859 2.4
      vertex -43.7455 -32.4859 9.4
    endloop
  endfacet
  facet normal 0.980785 -0.19509 0
    outer loop
      vertex -43.7863 -32.6912 2.4
      vertex -43.7455 -32.4859 9.4
      vertex -43.7863 -32.6912 9.4
    endloop
  endfacet
  facet normal 0 0 1
    outer loop
      vertex -45.5807 -31.9941 9.4
      vertex -45.6701 -32.4432 9.4
      vertex -43.7863 -32.6912 9.4
    endloop
  endfacet
  facet normal 0 0 1
    outer loop
      vertex -45.5807 -31.9941 9.4
      vertex -43.7863 -32.6912 9.4
      vertex -43.7455 -32.4859 9.4
    endloop
  endfacet
  facet normal 0 0 -1
    outer loop
      vertex -45.6701 -32.4432 2.4
      vertex -45.5807 -31.9941 2.4
      vertex -43.7455 -32.4859 2.4
    endloop
  endfacet
  facet normal 0 0 -1
    outer loop
      vertex -45.6701 -32.4432 2.4
      vertex -43.7455 -32.4859 2.4
      vertex -43.7863 -32.6912 2.4
    endloop
  endfacet
  facet normal -0.997859 0.0654031 0
    outer loop
      vertex -45.6701 -32.4432 2.4
      vertex -45.7 -32.9 2.4
      vertex -45.7 -32.9 9.4
    endloop
  endfacet
  facet normal -0.997859 0.0654031 0
    outer loop
      vertex -45.6701 -32.4432 2.4
      vertex -45.7 -32.9 9.4
      vertex -45.6701 -32.4432 9.4
    endloop
  endfacet
  facet normal 0.997859 -0.0654031 0
    outer loop
      vertex -43.8 -32.9 2.4
      vertex -43.7863 -32.6912 2.4
      vertex -43.7863 -32.6912 9.4
    endloop
  endfacet
  facet normal 0.997859 -0.0654031 0
    outer loop
      vertex -43.8 -32.9 2.4
      vertex -43.7863 -32.6912 9.4
      vertex -43.8 -32.9 9.4
    endloop
  endfacet
  facet normal 0 0 1
    outer loop
      vertex -45.6701 -32.4432 9.4
      vertex -45.7 -32.9 9.4
      vertex -43.8 -32.9 9.4
    endloop
  endfacet
  facet normal 0 0 1
    outer loop
      vertex -45.6701 -32.4432 9.4
      vertex -43.8 -32.9 9.4
      vertex -43.7863 -32.6912 9.4
    endloop
  endfacet
  facet normal 0 0 -1
    outer loop
      vertex -45.7 -32.9 2.4
      vertex -45.6701 -32.4432 2.4
      vertex -43.7863 -32.6912 2.4
    endloop
  endfacet
  facet normal 0 0 -1
    outer loop
      vertex -45.7 -32.9 2.4
      vertex -43.7863 -32.6912 2.4
      vertex -43.8 -32.9 2.4
    endloop
  endfacet
  facet normal -0.997859 -0.0654031 0
    outer loop
      vertex -45.7 -32.9 2.4
      vertex -45.6701 -33.3568 2.4
      vertex -45.6701 -33.3568 9.4
    endloop
  endfacet
  facet normal -0.997859 -0.0654031 0
    outer loop
      vertex -45.7 -32.9 2.4
      vertex -45.6701 -33.3568 9.4
      vertex -45.7 -32.9 9.4
    endloop
  endfacet
  facet normal 0.997859 0.0654031 0
    outer loop
      vertex -43.7863 -33.1088 2.4
      vertex -43.8 -32.9 2.4
      vertex -43.8 -32.9 9.4
    endloop
  endfacet
  facet normal 0.997859 0.0654031 -0
    outer loop
      vertex -43.7863 -33.1088 2.4
      vertex -43.8 -32.9 9.4
      vertex -43.7863 -33.1088 9.4
    endloop
  endfacet
  facet normal 0 0 1
    outer loop
      vertex -45.7 -32.9 9.4
      vertex -45.6701 -33.3568 9.4
      vertex -43.7863 -33.1088 9.4
    endloop
  endfacet
  facet normal -0 0 1
    outer loop
      vertex -45.7 -32.9 9.4
      vertex -43.7863 -33.1088 9.4
      vertex -43.8 -32.9 9.4
    endloop
  endfacet
  facet normal 0 0 -1
    outer loop
      vertex -45.6701 -33.3568 2.4
      vertex -45.7 -32.9 2.4
      vertex -43.8 -32.9 2.4
    endloop
  endfacet
  facet normal 0 0 -1
    outer loop
      vertex -45.6701 -33.3568 2.4
      vertex -43.8 -32.9 2.4
      vertex -43.7863 -33.1088 2.4
    endloop
  endfacet
  facet normal -0.980785 -0.19509 0
    outer loop
      vertex -45.6701 -33.3568 2.4
      vertex -45.5807 -33.8059 2.4
      vertex -45.5807 -33.8059 9.4
    endloop
  endfacet
  facet normal -0.980785 -0.19509 0
    outer loop
      vertex -45.6701 -33.3568 2.4
      vertex -45.5807 -33.8059 9.4
      vertex -45.6701 -33.3568 9.4
    endloop
  endfacet
  facet normal 0.980785 0.19509 0
    outer loop
      vertex -43.7455 -33.3141 2.4
      vertex -43.7863 -33.1088 2.4
      vertex -43.7863 -33.1088 9.4
    endloop
  endfacet
  facet normal 0.980785 0.19509 -0
    outer loop
      vertex -43.7455 -33.3141 2.4
      vertex -43.7863 -33.1088 9.4
      vertex -43.7455 -33.3141 9.4
    endloop
  endfacet
  facet normal -0 0 1
    outer loop
      vertex -45.6701 -33.3568 9.4
      vertex -45.5807 -33.8059 9.4
      vertex -43.7455 -33.3141 9.4
    endloop
  endfacet
  facet normal 0 0 1
    outer loop
      vertex -45.6701 -33.3568 9.4
      vertex -43.7455 -33.3141 9.4
      vertex -43.7863 -33.1088 9.4
    endloop
  endfacet
  facet normal 0 0 -1
    outer loop
      vertex -45.5807 -33.8059 2.4
      vertex -45.6701 -33.3568 2.4
      vertex -43.7863 -33.1088 2.4
    endloop
  endfacet
  facet normal 0 0 -1
    outer loop
      vertex -45.5807 -33.8059 2.4
      vertex -43.7863 -33.1088 2.4
      vertex -43.7455 -33.3141 2.4
    endloop
  endfacet
  facet normal -0.94693 -0.321439 0
    outer loop
      vertex -45.5807 -33.8059 2.4
      vertex -45.4336 -34.2394 2.4
      vertex -45.4336 -34.2394 9.4
    endloop
  endfacet
  facet normal -0.94693 -0.321439 0
    outer loop
      vertex -45.5807 -33.8059 2.4
      vertex -45.4336 -34.2394 9.4
      vertex -45.5807 -33.8059 9.4
    endloop
  endfacet
  facet normal 0.94693 0.321439 0
    outer loop
      vertex -43.6782 -33.5123 2.4
      vertex -43.7455 -33.3141 2.4
      vertex -43.7455 -33.3141 9.4
    endloop
  endfacet
  facet normal 0.94693 0.321439 -0
    outer loop
      vertex -43.6782 -33.5123 2.4
      vertex -43.7455 -33.3141 9.4
      vertex -43.6782 -33.5123 9.4
    endloop
  endfacet
  facet normal -0 0 1
    outer loop
      vertex -45.5807 -33.8059 9.4
      vertex -45.4336 -34.2394 9.4
      vertex -43.6782 -33.5123 9.4
    endloop
  endfacet
  facet normal 0 0 1
    outer loop
      vertex -45.5807 -33.8059 9.4
      vertex -43.6782 -33.5123 9.4
      vertex -43.7455 -33.3141 9.4
    endloop
  endfacet
  facet normal 0 0 -1
    outer loop
      vertex -45.4336 -34.2394 2.4
      vertex -45.5807 -33.8059 2.4
      vertex -43.7455 -33.3141 2.4
    endloop
  endfacet
  facet normal 0 0 -1
    outer loop
      vertex -45.4336 -34.2394 2.4
      vertex -43.7455 -33.3141 2.4
      vertex -43.6782 -33.5123 2.4
    endloop
  endfacet
  facet normal -0.896873 -0.442289 0
    outer loop
      vertex -45.4336 -34.2394 2.4
      vertex -45.2311 -34.65 2.4
      vertex -45.2311 -34.65 9.4
    endloop
  endfacet
  facet normal -0.896873 -0.442289 0
    outer loop
      vertex -45.4336 -34.2394 2.4
      vertex -45.2311 -34.65 9.4
      vertex -45.4336 -34.2394 9.4
    endloop
  endfacet
  facet normal 0.896873 0.442289 0
    outer loop
      vertex -43.5856 -33.7 2.4
      vertex -43.6782 -33.5123 2.4
      vertex -43.6782 -33.5123 9.4
    endloop
  endfacet
  facet normal 0.896873 0.442289 -0
    outer loop
      vertex -43.5856 -33.7 2.4
      vertex -43.6782 -33.5123 9.4
      vertex -43.5856 -33.7 9.4
    endloop
  endfacet
  facet normal -0 0 1
    outer loop
      vertex -45.4336 -34.2394 9.4
      vertex -45.2311 -34.65 9.4
      vertex -43.5856 -33.7 9.4
    endloop
  endfacet
  facet normal 0 0 1
    outer loop
      vertex -45.4336 -34.2394 9.4
      vertex -43.5856 -33.7 9.4
      vertex -43.6782 -33.5123 9.4
    endloop
  endfacet
  facet normal 0 0 -1
    outer loop
      vertex -45.2311 -34.65 2.4
      vertex -45.4336 -34.2394 2.4
      vertex -43.6782 -33.5123 2.4
    endloop
  endfacet
  facet normal 0 0 -1
    outer loop
      vertex -45.2311 -34.65 2.4
      vertex -43.6782 -33.5123 2.4
      vertex -43.5856 -33.7 2.4
    endloop
  endfacet
  facet normal -0.83147 -0.55557 0
    outer loop
      vertex -45.2311 -34.65 2.4
      vertex -44.9767 -35.0307 2.4
      vertex -44.9767 -35.0307 9.4
    endloop
  endfacet
  facet normal -0.83147 -0.55557 0
    outer loop
      vertex -45.2311 -34.65 2.4
      vertex -44.9767 -35.0307 9.4
      vertex -45.2311 -34.65 9.4
    endloop
  endfacet
  facet normal 0.83147 0.55557 0
    outer loop
      vertex -43.4694 -33.874 2.4
      vertex -43.5856 -33.7 2.4
      vertex -43.5856 -33.7 9.4
    endloop
  endfacet
  facet normal 0.83147 0.55557 -0
    outer loop
      vertex -43.4694 -33.874 2.4
      vertex -43.5856 -33.7 9.4
      vertex -43.4694 -33.874 9.4
    endloop
  endfacet
  facet normal -0 0 1
    outer loop
      vertex -45.2311 -34.65 9.4
      vertex -44.9767 -35.0307 9.4
      vertex -43.4694 -33.874 9.4
    endloop
  endfacet
  facet normal 0 0 1
    outer loop
      vertex -45.2311 -34.65 9.4
      vertex -43.4694 -33.874 9.4
      vertex -43.5856 -33.7 9.4
    endloop
  endfacet
  facet normal 0 0 -1
    outer loop
      vertex -44.9767 -35.0307 2.4
      vertex -45.2311 -34.65 2.4
      vertex -43.5856 -33.7 2.4
    endloop
  endfacet
  facet normal 0 0 -1
    outer loop
      vertex -44.9767 -35.0307 2.4
      vertex -43.5856 -33.7 2.4
      vertex -43.4694 -33.874 2.4
    endloop
  endfacet
  facet normal -0.75184 -0.659346 0
    outer loop
      vertex -44.9767 -35.0307 2.4
      vertex -44.6749 -35.3749 2.4
      vertex -44.6749 -35.3749 9.4
    endloop
  endfacet
  facet normal -0.75184 -0.659346 0
    outer loop
      vertex -44.9767 -35.0307 2.4
      vertex -44.6749 -35.3749 9.4
      vertex -44.9767 -35.0307 9.4
    endloop
  endfacet
  facet normal 0.75184 0.659346 0
    outer loop
      vertex -43.3314 -34.0314 2.4
      vertex -43.4694 -33.874 2.4
      vertex -43.4694 -33.874 9.4
    endloop
  endfacet
  facet normal 0.75184 0.659346 -0
    outer loop
      vertex -43.3314 -34.0314 2.4
      vertex -43.4694 -33.874 9.4
      vertex -43.3314 -34.0314 9.4
    endloop
  endfacet
  facet normal -0 0 1
    outer loop
      vertex -44.9767 -35.0307 9.4
      vertex -44.6749 -35.3749 9.4
      vertex -43.3314 -34.0314 9.4
    endloop
  endfacet
  facet normal 0 0 1
    outer loop
      vertex -44.9767 -35.0307 9.4
      vertex -43.3314 -34.0314 9.4
      vertex -43.4694 -33.874 9.4
    endloop
  endfacet
  facet normal 0 0 -1
    outer loop
      vertex -44.6749 -35.3749 2.4
      vertex -44.9767 -35.0307 2.4
      vertex -43.4694 -33.874 2.4
    endloop
  endfacet
  facet normal 0 0 -1
    outer loop
      vertex -44.6749 -35.3749 2.4
      vertex -43.4694 -33.874 2.4
      vertex -43.3314 -34.0314 2.4
    endloop
  endfacet
  facet normal -0.659346 -0.75184 0
    outer loop
      vertex -44.6749 -35.3749 2.4
      vertex -44.3307 -35.6767 2.4
      vertex -44.3307 -35.6767 9.4
    endloop
  endfacet
  facet normal -0.659346 -0.75184 0
    outer loop
      vertex -44.6749 -35.3749 2.4
      vertex -44.3307 -35.6767 9.4
      vertex -44.6749 -35.3749 9.4
    endloop
  endfacet
  facet normal 0.659346 0.75184 0
    outer loop
      vertex -43.174 -34.1694 2.4
      vertex -43.3314 -34.0314 2.4
      vertex -43.3314 -34.0314 9.4
    endloop
  endfacet
  facet normal 0.659346 0.75184 -0
    outer loop
      vertex -43.174 -34.1694 2.4
      vertex -43.3314 -34.0314 9.4
      vertex -43.174 -34.1694 9.4
    endloop
  endfacet
  facet normal -0 0 1
    outer loop
      vertex -44.6749 -35.3749 9.4
      vertex -44.3307 -35.6767 9.4
      vertex -43.174 -34.1694 9.4
    endloop
  endfacet
  facet normal 0 0 1
    outer loop
      vertex -44.6749 -35.3749 9.4
      vertex -43.174 -34.1694 9.4
      vertex -43.3314 -34.0314 9.4
    endloop
  endfacet
  facet normal 0 0 -1
    outer loop
      vertex -44.3307 -35.6767 2.4
      vertex -44.6749 -35.3749 2.4
      vertex -43.3314 -34.0314 2.4
    endloop
  endfacet
  facet normal 0 0 -1
    outer loop
      vertex -44.3307 -35.6767 2.4
      vertex -43.3314 -34.0314 2.4
      vertex -43.174 -34.1694 2.4
    endloop
  endfacet
  facet normal -0.55557 -0.83147 0
    outer loop
      vertex -44.3307 -35.6767 2.4
      vertex -43.95 -35.9311 2.4
      vertex -43.95 -35.9311 9.4
    endloop
  endfacet
  facet normal -0.55557 -0.83147 0
    outer loop
      vertex -44.3307 -35.6767 2.4
      vertex -43.95 -35.9311 9.4
      vertex -44.3307 -35.6767 9.4
    endloop
  endfacet
  facet normal 0.55557 0.83147 0
    outer loop
      vertex -43 -34.2856 2.4
      vertex -43.174 -34.1694 2.4
      vertex -43.174 -34.1694 9.4
    endloop
  endfacet
  facet normal 0.55557 0.83147 -0
    outer loop
      vertex -43 -34.2856 2.4
      vertex -43.174 -34.1694 9.4
      vertex -43 -34.2856 9.4
    endloop
  endfacet
  facet normal -0 0 1
    outer loop
      vertex -44.3307 -35.6767 9.4
      vertex -43.95 -35.9311 9.4
      vertex -43 -34.2856 9.4
    endloop
  endfacet
  facet normal 0 0 1
    outer loop
      vertex -44.3307 -35.6767 9.4
      vertex -43 -34.2856 9.4
      vertex -43.174 -34.1694 9.4
    endloop
  endfacet
  facet normal 0 0 -1
    outer loop
      vertex -43.95 -35.9311 2.4
      vertex -44.3307 -35.6767 2.4
      vertex -43.174 -34.1694 2.4
    endloop
  endfacet
  facet normal 0 0 -1
    outer loop
      vertex -43.95 -35.9311 2.4
      vertex -43.174 -34.1694 2.4
      vertex -43 -34.2856 2.4
    endloop
  endfacet
  facet normal -0.442289 -0.896873 0
    outer loop
      vertex -43.95 -35.9311 2.4
      vertex -43.5394 -36.1336 2.4
      vertex -43.5394 -36.1336 9.4
    endloop
  endfacet
  facet normal -0.442289 -0.896873 0
    outer loop
      vertex -43.95 -35.9311 2.4
      vertex -43.5394 -36.1336 9.4
      vertex -43.95 -35.9311 9.4
    endloop
  endfacet
  facet normal 0.442289 0.896873 0
    outer loop
      vertex -42.8123 -34.3782 2.4
      vertex -43 -34.2856 2.4
      vertex -43 -34.2856 9.4
    endloop
  endfacet
  facet normal 0.442289 0.896873 -0
    outer loop
      vertex -42.8123 -34.3782 2.4
      vertex -43 -34.2856 9.4
      vertex -42.8123 -34.3782 9.4
    endloop
  endfacet
  facet normal -0 0 1
    outer loop
      vertex -43.95 -35.9311 9.4
      vertex -43.5394 -36.1336 9.4
      vertex -42.8123 -34.3782 9.4
    endloop
  endfacet
  facet normal 0 0 1
    outer loop
      vertex -43.95 -35.9311 9.4
      vertex -42.8123 -34.3782 9.4
      vertex -43 -34.2856 9.4
    endloop
  endfacet
  facet normal 0 0 -1
    outer loop
      vertex -43.5394 -36.1336 2.4
      vertex -43.95 -35.9311 2.4
      vertex -43 -34.2856 2.4
    endloop
  endfacet
  facet normal 0 0 -1
    outer loop
      vertex -43.5394 -36.1336 2.4
      vertex -43 -34.2856 2.4
      vertex -42.8123 -34.3782 2.4
    endloop
  endfacet
  facet normal -0.321439 -0.94693 0
    outer loop
      vertex -43.5394 -36.1336 2.4
      vertex -43.1059 -36.2807 2.4
      vertex -43.1059 -36.2807 9.4
    endloop
  endfacet
  facet normal -0.321439 -0.94693 0
    outer loop
      vertex -43.5394 -36.1336 2.4
      vertex -43.1059 -36.2807 9.4
      vertex -43.5394 -36.1336 9.4
    endloop
  endfacet
  facet normal 0.321439 0.94693 0
    outer loop
      vertex -42.6141 -34.4455 2.4
      vertex -42.8123 -34.3782 2.4
      vertex -42.8123 -34.3782 9.4
    endloop
  endfacet
  facet normal 0.321439 0.94693 -0
    outer loop
      vertex -42.6141 -34.4455 2.4
      vertex -42.8123 -34.3782 9.4
      vertex -42.6141 -34.4455 9.4
    endloop
  endfacet
  facet normal -0 0 1
    outer loop
      vertex -43.5394 -36.1336 9.4
      vertex -43.1059 -36.2807 9.4
      vertex -42.6141 -34.4455 9.4
    endloop
  endfacet
  facet normal 0 0 1
    outer loop
      vertex -43.5394 -36.1336 9.4
      vertex -42.6141 -34.4455 9.4
      vertex -42.8123 -34.3782 9.4
    endloop
  endfacet
  facet normal 0 0 -1
    outer loop
      vertex -43.1059 -36.2807 2.4
      vertex -43.5394 -36.1336 2.4
      vertex -42.8123 -34.3782 2.4
    endloop
  endfacet
  facet normal 0 0 -1
    outer loop
      vertex -43.1059 -36.2807 2.4
      vertex -42.8123 -34.3782 2.4
      vertex -42.6141 -34.4455 2.4
    endloop
  endfacet
  facet normal -0.19509 -0.980785 0
    outer loop
      vertex -43.1059 -36.2807 2.4
      vertex -42.6568 -36.3701 2.4
      vertex -42.6568 -36.3701 9.4
    endloop
  endfacet
  facet normal -0.19509 -0.980785 0
    outer loop
      vertex -43.1059 -36.2807 2.4
      vertex -42.6568 -36.3701 9.4
      vertex -43.1059 -36.2807 9.4
    endloop
  endfacet
  facet normal 0.19509 0.980785 0
    outer loop
      vertex -42.4088 -34.4863 2.4
      vertex -42.6141 -34.4455 2.4
      vertex -42.6141 -34.4455 9.4
    endloop
  endfacet
  facet normal 0.19509 0.980785 -0
    outer loop
      vertex -42.4088 -34.4863 2.4
      vertex -42.6141 -34.4455 9.4
      vertex -42.4088 -34.4863 9.4
    endloop
  endfacet
  facet normal -0 0 1
    outer loop
      vertex -43.1059 -36.2807 9.4
      vertex -42.6568 -36.3701 9.4
      vertex -42.4088 -34.4863 9.4
    endloop
  endfacet
  facet normal 0 0 1
    outer loop
      vertex -43.1059 -36.2807 9.4
      vertex -42.4088 -34.4863 9.4
      vertex -42.6141 -34.4455 9.4
    endloop
  endfacet
  facet normal 0 0 -1
    outer loop
      vertex -42.6568 -36.3701 2.4
      vertex -43.1059 -36.2807 2.4
      vertex -42.6141 -34.4455 2.4
    endloop
  endfacet
  facet normal 0 0 -1
    outer loop
      vertex -42.6568 -36.3701 2.4
      vertex -42.6141 -34.4455 2.4
      vertex -42.4088 -34.4863 2.4
    endloop
  endfacet
  facet normal -0.0654031 -0.997859 0
    outer loop
      vertex -42.6568 -36.3701 2.4
      vertex -42.2 -36.4 2.4
      vertex -42.2 -36.4 9.4
    endloop
  endfacet
  facet normal -0.0654031 -0.997859 0
    outer loop
      vertex -42.6568 -36.3701 2.4
      vertex -42.2 -36.4 9.4
      vertex -42.6568 -36.3701 9.4
    endloop
  endfacet
  facet normal 0.0654031 0.997859 0
    outer loop
      vertex -42.2 -34.5 2.4
      vertex -42.4088 -34.4863 2.4
      vertex -42.4088 -34.4863 9.4
    endloop
  endfacet
  facet normal 0.0654031 0.997859 -0
    outer loop
      vertex -42.2 -34.5 2.4
      vertex -42.4088 -34.4863 9.4
      vertex -42.2 -34.5 9.4
    endloop
  endfacet
  facet normal -0 0 1
    outer loop
      vertex -42.6568 -36.3701 9.4
      vertex -42.2 -36.4 9.4
      vertex -42.2 -34.5 9.4
    endloop
  endfacet
  facet normal 0 0 1
    outer loop
      vertex -42.6568 -36.3701 9.4
      vertex -42.2 -34.5 9.4
      vertex -42.4088 -34.4863 9.4
    endloop
  endfacet
  facet normal 0 0 -1
    outer loop
      vertex -42.2 -36.4 2.4
      vertex -42.6568 -36.3701 2.4
      vertex -42.4088 -34.4863 2.4
    endloop
  endfacet
  facet normal 0 0 -1
    outer loop
      vertex -42.2 -36.4 2.4
      vertex -42.4088 -34.4863 2.4
      vertex -42.2 -34.5 2.4
    endloop
  endfacet
  facet normal 0.0654031 -0.997859 0
    outer loop
      vertex -42.2 -36.4 2.4
      vertex -41.7432 -36.3701 2.4
      vertex -41.7432 -36.3701 9.4
    endloop
  endfacet
  facet normal 0.0654031 -0.997859 0
    outer loop
      vertex -42.2 -36.4 2.4
      vertex -41.7432 -36.3701 9.4
      vertex -42.2 -36.4 9.4
    endloop
  endfacet
  facet normal -0.0654031 0.997859 0
    outer loop
      vertex -41.9912 -34.4863 2.4
      vertex -42.2 -34.5 2.4
      vertex -42.2 -34.5 9.4
    endloop
  endfacet
  facet normal -0.0654031 0.997859 0
    outer loop
      vertex -41.9912 -34.4863 2.4
      vertex -42.2 -34.5 9.4
      vertex -41.9912 -34.4863 9.4
    endloop
  endfacet
  facet normal 0 0 1
    outer loop
      vertex -42.2 -36.4 9.4
      vertex -41.7432 -36.3701 9.4
      vertex -41.9912 -34.4863 9.4
    endloop
  endfacet
  facet normal 0 0 1
    outer loop
      vertex -42.2 -36.4 9.4
      vertex -41.9912 -34.4863 9.4
      vertex -42.2 -34.5 9.4
    endloop
  endfacet
  facet normal -0 0 -1
    outer loop
      vertex -41.7432 -36.3701 2.4
      vertex -42.2 -36.4 2.4
      vertex -42.2 -34.5 2.4
    endloop
  endfacet
  facet normal 0 0 -1
    outer loop
      vertex -41.7432 -36.3701 2.4
      vertex -42.2 -34.5 2.4
      vertex -41.9912 -34.4863 2.4
    endloop
  endfacet
  facet normal 0.19509 -0.980785 0
    outer loop
      vertex -41.7432 -36.3701 2.4
      vertex -41.2941 -36.2807 2.4
      vertex -41.2941 -36.2807 9.4
    endloop
  endfacet
  facet normal 0.19509 -0.980785 0
    outer loop
      vertex -41.7432 -36.3701 2.4
      vertex -41.2941 -36.2807 9.4
      vertex -41.7432 -36.3701 9.4
    endloop
  endfacet
  facet normal -0.19509 0.980785 0
    outer loop
      vertex -41.7859 -34.4455 2.4
      vertex -41.9912 -34.4863 2.4
      vertex -41.9912 -34.4863 9.4
    endloop
  endfacet
  facet normal -0.19509 0.980785 0
    outer loop
      vertex -41.7859 -34.4455 2.4
      vertex -41.9912 -34.4863 9.4
      vertex -41.7859 -34.4455 9.4
    endloop
  endfacet
  facet normal 0 -0 1
    outer loop
      vertex -41.7432 -36.3701 9.4
      vertex -41.2941 -36.2807 9.4
      vertex -41.7859 -34.4455 9.4
    endloop
  endfacet
  facet normal 0 0 1
    outer loop
      vertex -41.7432 -36.3701 9.4
      vertex -41.7859 -34.4455 9.4
      vertex -41.9912 -34.4863 9.4
    endloop
  endfacet
  facet normal -0 0 -1
    outer loop
      vertex -41.2941 -36.2807 2.4
      vertex -41.7432 -36.3701 2.4
      vertex -41.9912 -34.4863 2.4
    endloop
  endfacet
  facet normal 0 0 -1
    outer loop
      vertex -41.2941 -36.2807 2.4
      vertex -41.9912 -34.4863 2.4
      vertex -41.7859 -34.4455 2.4
    endloop
  endfacet
  facet normal 0.321439 -0.94693 0
    outer loop
      vertex -41.2941 -36.2807 2.4
      vertex -40.8606 -36.1336 2.4
      vertex -40.8606 -36.1336 9.4
    endloop
  endfacet
  facet normal 0.321439 -0.94693 0
    outer loop
      vertex -41.2941 -36.2807 2.4
      vertex -40.8606 -36.1336 9.4
      vertex -41.2941 -36.2807 9.4
    endloop
  endfacet
  facet normal -0.321439 0.94693 0
    outer loop
      vertex -41.5877 -34.3782 2.4
      vertex -41.7859 -34.4455 2.4
      vertex -41.7859 -34.4455 9.4
    endloop
  endfacet
  facet normal -0.321439 0.94693 0
    outer loop
      vertex -41.5877 -34.3782 2.4
      vertex -41.7859 -34.4455 9.4
      vertex -41.5877 -34.3782 9.4
    endloop
  endfacet
  facet normal 0 -0 1
    outer loop
      vertex -41.2941 -36.2807 9.4
      vertex -40.8606 -36.1336 9.4
      vertex -41.5877 -34.3782 9.4
    endloop
  endfacet
  facet normal 0 0 1
    outer loop
      vertex -41.2941 -36.2807 9.4
      vertex -41.5877 -34.3782 9.4
      vertex -41.7859 -34.4455 9.4
    endloop
  endfacet
  facet normal -0 0 -1
    outer loop
      vertex -40.8606 -36.1336 2.4
      vertex -41.2941 -36.2807 2.4
      vertex -41.7859 -34.4455 2.4
    endloop
  endfacet
  facet normal 0 0 -1
    outer loop
      vertex -40.8606 -36.1336 2.4
      vertex -41.7859 -34.4455 2.4
      vertex -41.5877 -34.3782 2.4
    endloop
  endfacet
  facet normal 0.442289 -0.896873 0
    outer loop
      vertex -40.8606 -36.1336 2.4
      vertex -40.45 -35.9311 2.4
      vertex -40.45 -35.9311 9.4
    endloop
  endfacet
  facet normal 0.442289 -0.896873 0
    outer loop
      vertex -40.8606 -36.1336 2.4
      vertex -40.45 -35.9311 9.4
      vertex -40.8606 -36.1336 9.4
    endloop
  endfacet
  facet normal -0.442289 0.896873 0
    outer loop
      vertex -41.4 -34.2856 2.4
      vertex -41.5877 -34.3782 2.4
      vertex -41.5877 -34.3782 9.4
    endloop
  endfacet
  facet normal -0.442289 0.896873 0
    outer loop
      vertex -41.4 -34.2856 2.4
      vertex -41.5877 -34.3782 9.4
      vertex -41.4 -34.2856 9.4
    endloop
  endfacet
  facet normal 0 -0 1
    outer loop
      vertex -40.8606 -36.1336 9.4
      vertex -40.45 -35.9311 9.4
      vertex -41.4 -34.2856 9.4
    endloop
  endfacet
  facet normal 0 0 1
    outer loop
      vertex -40.8606 -36.1336 9.4
      vertex -41.4 -34.2856 9.4
      vertex -41.5877 -34.3782 9.4
    endloop
  endfacet
  facet normal -0 0 -1
    outer loop
      vertex -40.45 -35.9311 2.4
      vertex -40.8606 -36.1336 2.4
      vertex -41.5877 -34.3782 2.4
    endloop
  endfacet
  facet normal 0 0 -1
    outer loop
      vertex -40.45 -35.9311 2.4
      vertex -41.5877 -34.3782 2.4
      vertex -41.4 -34.2856 2.4
    endloop
  endfacet
  facet normal 0.55557 -0.83147 0
    outer loop
      vertex -40.45 -35.9311 2.4
      vertex -40.0693 -35.6767 2.4
      vertex -40.0693 -35.6767 9.4
    endloop
  endfacet
  facet normal 0.55557 -0.83147 0
    outer loop
      vertex -40.45 -35.9311 2.4
      vertex -40.0693 -35.6767 9.4
      vertex -40.45 -35.9311 9.4
    endloop
  endfacet
  facet normal -0.55557 0.83147 0
    outer loop
      vertex -41.226 -34.1694 2.4
      vertex -41.4 -34.2856 2.4
      vertex -41.4 -34.2856 9.4
    endloop
  endfacet
  facet normal -0.55557 0.83147 0
    outer loop
      vertex -41.226 -34.1694 2.4
      vertex -41.4 -34.2856 9.4
      vertex -41.226 -34.1694 9.4
    endloop
  endfacet
  facet normal 0 -0 1
    outer loop
      vertex -40.45 -35.9311 9.4
      vertex -40.0693 -35.6767 9.4
      vertex -41.226 -34.1694 9.4
    endloop
  endfacet
  facet normal 0 0 1
    outer loop
      vertex -40.45 -35.9311 9.4
      vertex -41.226 -34.1694 9.4
      vertex -41.4 -34.2856 9.4
    endloop
  endfacet
  facet normal -0 0 -1
    outer loop
      vertex -40.0693 -35.6767 2.4
      vertex -40.45 -35.9311 2.4
      vertex -41.4 -34.2856 2.4
    endloop
  endfacet
  facet normal 0 0 -1
    outer loop
      vertex -40.0693 -35.6767 2.4
      vertex -41.4 -34.2856 2.4
      vertex -41.226 -34.1694 2.4
    endloop
  endfacet
  facet normal 0.659346 -0.75184 0
    outer loop
      vertex -40.0693 -35.6767 2.4
      vertex -39.7251 -35.3749 2.4
      vertex -39.7251 -35.3749 9.4
    endloop
  endfacet
  facet normal 0.659346 -0.75184 0
    outer loop
      vertex -40.0693 -35.6767 2.4
      vertex -39.7251 -35.3749 9.4
      vertex -40.0693 -35.6767 9.4
    endloop
  endfacet
  facet normal -0.659346 0.75184 0
    outer loop
      vertex -41.0686 -34.0314 2.4
      vertex -41.226 -34.1694 2.4
      vertex -41.226 -34.1694 9.4
    endloop
  endfacet
  facet normal -0.659346 0.75184 0
    outer loop
      vertex -41.0686 -34.0314 2.4
      vertex -41.226 -34.1694 9.4
      vertex -41.0686 -34.0314 9.4
    endloop
  endfacet
  facet normal 0 -0 1
    outer loop
      vertex -40.0693 -35.6767 9.4
      vertex -39.7251 -35.3749 9.4
      vertex -41.0686 -34.0314 9.4
    endloop
  endfacet
  facet normal 0 0 1
    outer loop
      vertex -40.0693 -35.6767 9.4
      vertex -41.0686 -34.0314 9.4
      vertex -41.226 -34.1694 9.4
    endloop
  endfacet
  facet normal -0 0 -1
    outer loop
      vertex -39.7251 -35.3749 2.4
      vertex -40.0693 -35.6767 2.4
      vertex -41.226 -34.1694 2.4
    endloop
  endfacet
  facet normal 0 0 -1
    outer loop
      vertex -39.7251 -35.3749 2.4
      vertex -41.226 -34.1694 2.4
      vertex -41.0686 -34.0314 2.4
    endloop
  endfacet
  facet normal 0.75184 -0.659346 0
    outer loop
      vertex -39.7251 -35.3749 2.4
      vertex -39.4233 -35.0307 2.4
      vertex -39.4233 -35.0307 9.4
    endloop
  endfacet
  facet normal 0.75184 -0.659346 0
    outer loop
      vertex -39.7251 -35.3749 2.4
      vertex -39.4233 -35.0307 9.4
      vertex -39.7251 -35.3749 9.4
    endloop
  endfacet
  facet normal -0.75184 0.659346 0
    outer loop
      vertex -40.9306 -33.874 2.4
      vertex -41.0686 -34.0314 2.4
      vertex -41.0686 -34.0314 9.4
    endloop
  endfacet
  facet normal -0.75184 0.659346 0
    outer loop
      vertex -40.9306 -33.874 2.4
      vertex -41.0686 -34.0314 9.4
      vertex -40.9306 -33.874 9.4
    endloop
  endfacet
  facet normal 0 -0 1
    outer loop
      vertex -39.7251 -35.3749 9.4
      vertex -39.4233 -35.0307 9.4
      vertex -40.9306 -33.874 9.4
    endloop
  endfacet
  facet normal 0 0 1
    outer loop
      vertex -39.7251 -35.3749 9.4
      vertex -40.9306 -33.874 9.4
      vertex -41.0686 -34.0314 9.4
    endloop
  endfacet
  facet normal -0 0 -1
    outer loop
      vertex -39.4233 -35.0307 2.4
      vertex -39.7251 -35.3749 2.4
      vertex -41.0686 -34.0314 2.4
    endloop
  endfacet
  facet normal 0 0 -1
    outer loop
      vertex -39.4233 -35.0307 2.4
      vertex -41.0686 -34.0314 2.4
      vertex -40.9306 -33.874 2.4
    endloop
  endfacet
  facet normal 0.83147 -0.55557 0
    outer loop
      vertex -39.4233 -35.0307 2.4
      vertex -39.1689 -34.65 2.4
      vertex -39.1689 -34.65 9.4
    endloop
  endfacet
  facet normal 0.83147 -0.55557 0
    outer loop
      vertex -39.4233 -35.0307 2.4
      vertex -39.1689 -34.65 9.4
      vertex -39.4233 -35.0307 9.4
    endloop
  endfacet
  facet normal -0.83147 0.55557 0
    outer loop
      vertex -40.8144 -33.7 2.4
      vertex -40.9306 -33.874 2.4
      vertex -40.9306 -33.874 9.4
    endloop
  endfacet
  facet normal -0.83147 0.55557 0
    outer loop
      vertex -40.8144 -33.7 2.4
      vertex -40.9306 -33.874 9.4
      vertex -40.8144 -33.7 9.4
    endloop
  endfacet
  facet normal 0 -0 1
    outer loop
      vertex -39.4233 -35.0307 9.4
      vertex -39.1689 -34.65 9.4
      vertex -40.8144 -33.7 9.4
    endloop
  endfacet
  facet normal 0 0 1
    outer loop
      vertex -39.4233 -35.0307 9.4
      vertex -40.8144 -33.7 9.4
      vertex -40.9306 -33.874 9.4
    endloop
  endfacet
  facet normal -0 0 -1
    outer loop
      vertex -39.1689 -34.65 2.4
      vertex -39.4233 -35.0307 2.4
      vertex -40.9306 -33.874 2.4
    endloop
  endfacet
  facet normal 0 0 -1
    outer loop
      vertex -39.1689 -34.65 2.4
      vertex -40.9306 -33.874 2.4
      vertex -40.8144 -33.7 2.4
    endloop
  endfacet
  facet normal 0.896873 -0.442289 0
    outer loop
      vertex -39.1689 -34.65 2.4
      vertex -38.9664 -34.2394 2.4
      vertex -38.9664 -34.2394 9.4
    endloop
  endfacet
  facet normal 0.896873 -0.442289 0
    outer loop
      vertex -39.1689 -34.65 2.4
      vertex -38.9664 -34.2394 9.4
      vertex -39.1689 -34.65 9.4
    endloop
  endfacet
  facet normal -0.896873 0.442289 0
    outer loop
      vertex -40.7218 -33.5123 2.4
      vertex -40.8144 -33.7 2.4
      vertex -40.8144 -33.7 9.4
    endloop
  endfacet
  facet normal -0.896873 0.442289 0
    outer loop
      vertex -40.7218 -33.5123 2.4
      vertex -40.8144 -33.7 9.4
      vertex -40.7218 -33.5123 9.4
    endloop
  endfacet
  facet normal 0 -0 1
    outer loop
      vertex -39.1689 -34.65 9.4
      vertex -38.9664 -34.2394 9.4
      vertex -40.7218 -33.5123 9.4
    endloop
  endfacet
  facet normal 0 0 1
    outer loop
      vertex -39.1689 -34.65 9.4
      vertex -40.7218 -33.5123 9.4
      vertex -40.8144 -33.7 9.4
    endloop
  endfacet
  facet normal -0 0 -1
    outer loop
      vertex -38.9664 -34.2394 2.4
      vertex -39.1689 -34.65 2.4
      vertex -40.8144 -33.7 2.4
    endloop
  endfacet
  facet normal 0 0 -1
    outer loop
      vertex -38.9664 -34.2394 2.4
      vertex -40.8144 -33.7 2.4
      vertex -40.7218 -33.5123 2.4
    endloop
  endfacet
  facet normal 0.94693 -0.321439 0
    outer loop
      vertex -38.9664 -34.2394 2.4
      vertex -38.8193 -33.8059 2.4
      vertex -38.8193 -33.8059 9.4
    endloop
  endfacet
  facet normal 0.94693 -0.321439 0
    outer loop
      vertex -38.9664 -34.2394 2.4
      vertex -38.8193 -33.8059 9.4
      vertex -38.9664 -34.2394 9.4
    endloop
  endfacet
  facet normal -0.94693 0.321439 0
    outer loop
      vertex -40.6545 -33.3141 2.4
      vertex -40.7218 -33.5123 2.4
      vertex -40.7218 -33.5123 9.4
    endloop
  endfacet
  facet normal -0.94693 0.321439 0
    outer loop
      vertex -40.6545 -33.3141 2.4
      vertex -40.7218 -33.5123 9.4
      vertex -40.6545 -33.3141 9.4
    endloop
  endfacet
  facet normal 0 -0 1
    outer loop
      vertex -38.9664 -34.2394 9.4
      vertex -38.8193 -33.8059 9.4
      vertex -40.6545 -33.3141 9.4
    endloop
  endfacet
  facet normal 0 0 1
    outer loop
      vertex -38.9664 -34.2394 9.4
      vertex -40.6545 -33.3141 9.4
      vertex -40.7218 -33.5123 9.4
    endloop
  endfacet
  facet normal -0 0 -1
    outer loop
      vertex -38.8193 -33.8059 2.4
      vertex -38.9664 -34.2394 2.4
      vertex -40.7218 -33.5123 2.4
    endloop
  endfacet
  facet normal 0 0 -1
    outer loop
      vertex -38.8193 -33.8059 2.4
      vertex -40.7218 -33.5123 2.4
      vertex -40.6545 -33.3141 2.4
    endloop
  endfacet
  facet normal 0.980785 -0.19509 0
    outer loop
      vertex -38.8193 -33.8059 2.4
      vertex -38.7299 -33.3568 2.4
      vertex -38.7299 -33.3568 9.4
    endloop
  endfacet
  facet normal 0.980785 -0.19509 0
    outer loop
      vertex -38.8193 -33.8059 2.4
      vertex -38.7299 -33.3568 9.4
      vertex -38.8193 -33.8059 9.4
    endloop
  endfacet
  facet normal -0.980785 0.19509 0
    outer loop
      vertex -40.6137 -33.1088 2.4
      vertex -40.6545 -33.3141 2.4
      vertex -40.6545 -33.3141 9.4
    endloop
  endfacet
  facet normal -0.980785 0.19509 0
    outer loop
      vertex -40.6137 -33.1088 2.4
      vertex -40.6545 -33.3141 9.4
      vertex -40.6137 -33.1088 9.4
    endloop
  endfacet
  facet normal 0 -0 1
    outer loop
      vertex -38.8193 -33.8059 9.4
      vertex -38.7299 -33.3568 9.4
      vertex -40.6137 -33.1088 9.4
    endloop
  endfacet
  facet normal 0 0 1
    outer loop
      vertex -38.8193 -33.8059 9.4
      vertex -40.6137 -33.1088 9.4
      vertex -40.6545 -33.3141 9.4
    endloop
  endfacet
  facet normal -0 0 -1
    outer loop
      vertex -38.7299 -33.3568 2.4
      vertex -38.8193 -33.8059 2.4
      vertex -40.6545 -33.3141 2.4
    endloop
  endfacet
  facet normal 0 0 -1
    outer loop
      vertex -38.7299 -33.3568 2.4
      vertex -40.6545 -33.3141 2.4
      vertex -40.6137 -33.1088 2.4
    endloop
  endfacet
  facet normal 0.997859 -0.0654031 0
    outer loop
      vertex -38.7299 -33.3568 2.4
      vertex -38.7 -32.9 2.4
      vertex -38.7 -32.9 9.4
    endloop
  endfacet
  facet normal 0.997859 -0.0654031 0
    outer loop
      vertex -38.7299 -33.3568 2.4
      vertex -38.7 -32.9 9.4
      vertex -38.7299 -33.3568 9.4
    endloop
  endfacet
  facet normal -0.997859 0.0654031 0
    outer loop
      vertex -40.6 -32.9 2.4
      vertex -40.6137 -33.1088 2.4
      vertex -40.6137 -33.1088 9.4
    endloop
  endfacet
  facet normal -0.997859 0.0654031 0
    outer loop
      vertex -40.6 -32.9 2.4
      vertex -40.6137 -33.1088 9.4
      vertex -40.6 -32.9 9.4
    endloop
  endfacet
  facet normal 0 -0 1
    outer loop
      vertex -38.7299 -33.3568 9.4
      vertex -38.7 -32.9 9.4
      vertex -40.6 -32.9 9.4
    endloop
  endfacet
  facet normal 0 0 1
    outer loop
      vertex -38.7299 -33.3568 9.4
      vertex -40.6 -32.9 9.4
      vertex -40.6137 -33.1088 9.4
    endloop
  endfacet
  facet normal 0 0 -1
    outer loop
      vertex -38.7 -32.9 2.4
      vertex -38.7299 -33.3568 2.4
      vertex -40.6137 -33.1088 2.4
    endloop
  endfacet
  facet normal -0 0 -1
    outer loop
      vertex -38.7 -32.9 2.4
      vertex -40.6137 -33.1088 2.4
      vertex -40.6 -32.9 2.4
    endloop
  endfacet
  facet normal 0.997859 0.0654031 0
    outer loop
      vertex -38.7 32.9 2.4
      vertex -38.7299 33.3568 2.4
      vertex -38.7299 33.3568 9.4
    endloop
  endfacet
  facet normal 0.997859 0.0654031 -0
    outer loop
      vertex -38.7 32.9 2.4
      vertex -38.7299 33.3568 9.4
      vertex -38.7 32.9 9.4
    endloop
  endfacet
  facet normal -0.997859 -0.0654031 0
    outer loop
      vertex -40.6137 33.1088 2.4
      vertex -40.6 32.9 2.4
      vertex -40.6 32.9 9.4
    endloop
  endfacet
  facet normal -0.997859 -0.0654031 0
    outer loop
      vertex -40.6137 33.1088 2.4
      vertex -40.6 32.9 9.4
      vertex -40.6137 33.1088 9.4
    endloop
  endfacet
  facet normal 0 0 1
    outer loop
      vertex -38.7 32.9 9.4
      vertex -38.7299 33.3568 9.4
      vertex -40.6137 33.1088 9.4
    endloop
  endfacet
  facet normal 0 0 1
    outer loop
      vertex -38.7 32.9 9.4
      vertex -40.6137 33.1088 9.4
      vertex -40.6 32.9 9.4
    endloop
  endfacet
  facet normal 0 -0 -1
    outer loop
      vertex -38.7299 33.3568 2.4
      vertex -38.7 32.9 2.4
      vertex -40.6 32.9 2.4
    endloop
  endfacet
  facet normal 0 0 -1
    outer loop
      vertex -38.7299 33.3568 2.4
      vertex -40.6 32.9 2.4
      vertex -40.6137 33.1088 2.4
    endloop
  endfacet
  facet normal 0.980785 0.19509 0
    outer loop
      vertex -38.7299 33.3568 2.4
      vertex -38.8193 33.8059 2.4
      vertex -38.8193 33.8059 9.4
    endloop
  endfacet
  facet normal 0.980785 0.19509 -0
    outer loop
      vertex -38.7299 33.3568 2.4
      vertex -38.8193 33.8059 9.4
      vertex -38.7299 33.3568 9.4
    endloop
  endfacet
  facet normal -0.980785 -0.19509 0
    outer loop
      vertex -40.6545 33.3141 2.4
      vertex -40.6137 33.1088 2.4
      vertex -40.6137 33.1088 9.4
    endloop
  endfacet
  facet normal -0.980785 -0.19509 0
    outer loop
      vertex -40.6545 33.3141 2.4
      vertex -40.6137 33.1088 9.4
      vertex -40.6545 33.3141 9.4
    endloop
  endfacet
  facet normal 0 0 1
    outer loop
      vertex -38.7299 33.3568 9.4
      vertex -38.8193 33.8059 9.4
      vertex -40.6545 33.3141 9.4
    endloop
  endfacet
  facet normal 0 0 1
    outer loop
      vertex -38.7299 33.3568 9.4
      vertex -40.6545 33.3141 9.4
      vertex -40.6137 33.1088 9.4
    endloop
  endfacet
  facet normal 0 -0 -1
    outer loop
      vertex -38.8193 33.8059 2.4
      vertex -38.7299 33.3568 2.4
      vertex -40.6137 33.1088 2.4
    endloop
  endfacet
  facet normal 0 0 -1
    outer loop
      vertex -38.8193 33.8059 2.4
      vertex -40.6137 33.1088 2.4
      vertex -40.6545 33.3141 2.4
    endloop
  endfacet
  facet normal 0.94693 0.321439 0
    outer loop
      vertex -38.8193 33.8059 2.4
      vertex -38.9664 34.2394 2.4
      vertex -38.9664 34.2394 9.4
    endloop
  endfacet
  facet normal 0.94693 0.321439 -0
    outer loop
      vertex -38.8193 33.8059 2.4
      vertex -38.9664 34.2394 9.4
      vertex -38.8193 33.8059 9.4
    endloop
  endfacet
  facet normal -0.94693 -0.321439 0
    outer loop
      vertex -40.7218 33.5123 2.4
      vertex -40.6545 33.3141 2.4
      vertex -40.6545 33.3141 9.4
    endloop
  endfacet
  facet normal -0.94693 -0.321439 0
    outer loop
      vertex -40.7218 33.5123 2.4
      vertex -40.6545 33.3141 9.4
      vertex -40.7218 33.5123 9.4
    endloop
  endfacet
  facet normal 0 0 1
    outer loop
      vertex -38.8193 33.8059 9.4
      vertex -38.9664 34.2394 9.4
      vertex -40.7218 33.5123 9.4
    endloop
  endfacet
  facet normal 0 0 1
    outer loop
      vertex -38.8193 33.8059 9.4
      vertex -40.7218 33.5123 9.4
      vertex -40.6545 33.3141 9.4
    endloop
  endfacet
  facet normal 0 -0 -1
    outer loop
      vertex -38.9664 34.2394 2.4
      vertex -38.8193 33.8059 2.4
      vertex -40.6545 33.3141 2.4
    endloop
  endfacet
  facet normal 0 0 -1
    outer loop
      vertex -38.9664 34.2394 2.4
      vertex -40.6545 33.3141 2.4
      vertex -40.7218 33.5123 2.4
    endloop
  endfacet
  facet normal 0.896873 0.442289 0
    outer loop
      vertex -38.9664 34.2394 2.4
      vertex -39.1689 34.65 2.4
      vertex -39.1689 34.65 9.4
    endloop
  endfacet
  facet normal 0.896873 0.442289 -0
    outer loop
      vertex -38.9664 34.2394 2.4
      vertex -39.1689 34.65 9.4
      vertex -38.9664 34.2394 9.4
    endloop
  endfacet
  facet normal -0.896873 -0.442289 0
    outer loop
      vertex -40.8144 33.7 2.4
      vertex -40.7218 33.5123 2.4
      vertex -40.7218 33.5123 9.4
    endloop
  endfacet
  facet normal -0.896873 -0.442289 0
    outer loop
      vertex -40.8144 33.7 2.4
      vertex -40.7218 33.5123 9.4
      vertex -40.8144 33.7 9.4
    endloop
  endfacet
  facet normal 0 0 1
    outer loop
      vertex -38.9664 34.2394 9.4
      vertex -39.1689 34.65 9.4
      vertex -40.8144 33.7 9.4
    endloop
  endfacet
  facet normal 0 0 1
    outer loop
      vertex -38.9664 34.2394 9.4
      vertex -40.8144 33.7 9.4
      vertex -40.7218 33.5123 9.4
    endloop
  endfacet
  facet normal 0 -0 -1
    outer loop
      vertex -39.1689 34.65 2.4
      vertex -38.9664 34.2394 2.4
      vertex -40.7218 33.5123 2.4
    endloop
  endfacet
  facet normal 0 0 -1
    outer loop
      vertex -39.1689 34.65 2.4
      vertex -40.7218 33.5123 2.4
      vertex -40.8144 33.7 2.4
    endloop
  endfacet
  facet normal 0.83147 0.55557 0
    outer loop
      vertex -39.1689 34.65 2.4
      vertex -39.4233 35.0307 2.4
      vertex -39.4233 35.0307 9.4
    endloop
  endfacet
  facet normal 0.83147 0.55557 -0
    outer loop
      vertex -39.1689 34.65 2.4
      vertex -39.4233 35.0307 9.4
      vertex -39.1689 34.65 9.4
    endloop
  endfacet
  facet normal -0.83147 -0.55557 0
    outer loop
      vertex -40.9306 33.874 2.4
      vertex -40.8144 33.7 2.4
      vertex -40.8144 33.7 9.4
    endloop
  endfacet
  facet normal -0.83147 -0.55557 0
    outer loop
      vertex -40.9306 33.874 2.4
      vertex -40.8144 33.7 9.4
      vertex -40.9306 33.874 9.4
    endloop
  endfacet
  facet normal 0 0 1
    outer loop
      vertex -39.1689 34.65 9.4
      vertex -39.4233 35.0307 9.4
      vertex -40.9306 33.874 9.4
    endloop
  endfacet
  facet normal 0 0 1
    outer loop
      vertex -39.1689 34.65 9.4
      vertex -40.9306 33.874 9.4
      vertex -40.8144 33.7 9.4
    endloop
  endfacet
  facet normal 0 -0 -1
    outer loop
      vertex -39.4233 35.0307 2.4
      vertex -39.1689 34.65 2.4
      vertex -40.8144 33.7 2.4
    endloop
  endfacet
  facet normal 0 0 -1
    outer loop
      vertex -39.4233 35.0307 2.4
      vertex -40.8144 33.7 2.4
      vertex -40.9306 33.874 2.4
    endloop
  endfacet
  facet normal 0.75184 0.659346 0
    outer loop
      vertex -39.4233 35.0307 2.4
      vertex -39.7251 35.3749 2.4
      vertex -39.7251 35.3749 9.4
    endloop
  endfacet
  facet normal 0.75184 0.659346 -0
    outer loop
      vertex -39.4233 35.0307 2.4
      vertex -39.7251 35.3749 9.4
      vertex -39.4233 35.0307 9.4
    endloop
  endfacet
  facet normal -0.75184 -0.659346 0
    outer loop
      vertex -41.0686 34.0314 2.4
      vertex -40.9306 33.874 2.4
      vertex -40.9306 33.874 9.4
    endloop
  endfacet
  facet normal -0.75184 -0.659346 0
    outer loop
      vertex -41.0686 34.0314 2.4
      vertex -40.9306 33.874 9.4
      vertex -41.0686 34.0314 9.4
    endloop
  endfacet
  facet normal 0 0 1
    outer loop
      vertex -39.4233 35.0307 9.4
      vertex -39.7251 35.3749 9.4
      vertex -41.0686 34.0314 9.4
    endloop
  endfacet
  facet normal 0 0 1
    outer loop
      vertex -39.4233 35.0307 9.4
      vertex -41.0686 34.0314 9.4
      vertex -40.9306 33.874 9.4
    endloop
  endfacet
  facet normal 0 -0 -1
    outer loop
      vertex -39.7251 35.3749 2.4
      vertex -39.4233 35.0307 2.4
      vertex -40.9306 33.874 2.4
    endloop
  endfacet
  facet normal 0 0 -1
    outer loop
      vertex -39.7251 35.3749 2.4
      vertex -40.9306 33.874 2.4
      vertex -41.0686 34.0314 2.4
    endloop
  endfacet
  facet normal 0.659346 0.75184 0
    outer loop
      vertex -39.7251 35.3749 2.4
      vertex -40.0693 35.6767 2.4
      vertex -40.0693 35.6767 9.4
    endloop
  endfacet
  facet normal 0.659346 0.75184 -0
    outer loop
      vertex -39.7251 35.3749 2.4
      vertex -40.0693 35.6767 9.4
      vertex -39.7251 35.3749 9.4
    endloop
  endfacet
  facet normal -0.659346 -0.75184 0
    outer loop
      vertex -41.226 34.1694 2.4
      vertex -41.0686 34.0314 2.4
      vertex -41.0686 34.0314 9.4
    endloop
  endfacet
  facet normal -0.659346 -0.75184 0
    outer loop
      vertex -41.226 34.1694 2.4
      vertex -41.0686 34.0314 9.4
      vertex -41.226 34.1694 9.4
    endloop
  endfacet
  facet normal 0 0 1
    outer loop
      vertex -39.7251 35.3749 9.4
      vertex -40.0693 35.6767 9.4
      vertex -41.226 34.1694 9.4
    endloop
  endfacet
  facet normal 0 0 1
    outer loop
      vertex -39.7251 35.3749 9.4
      vertex -41.226 34.1694 9.4
      vertex -41.0686 34.0314 9.4
    endloop
  endfacet
  facet normal 0 -0 -1
    outer loop
      vertex -40.0693 35.6767 2.4
      vertex -39.7251 35.3749 2.4
      vertex -41.0686 34.0314 2.4
    endloop
  endfacet
  facet normal 0 0 -1
    outer loop
      vertex -40.0693 35.6767 2.4
      vertex -41.0686 34.0314 2.4
      vertex -41.226 34.1694 2.4
    endloop
  endfacet
  facet normal 0.55557 0.83147 0
    outer loop
      vertex -40.0693 35.6767 2.4
      vertex -40.45 35.9311 2.4
      vertex -40.45 35.9311 9.4
    endloop
  endfacet
  facet normal 0.55557 0.83147 -0
    outer loop
      vertex -40.0693 35.6767 2.4
      vertex -40.45 35.9311 9.4
      vertex -40.0693 35.6767 9.4
    endloop
  endfacet
  facet normal -0.55557 -0.83147 0
    outer loop
      vertex -41.4 34.2856 2.4
      vertex -41.226 34.1694 2.4
      vertex -41.226 34.1694 9.4
    endloop
  endfacet
  facet normal -0.55557 -0.83147 0
    outer loop
      vertex -41.4 34.2856 2.4
      vertex -41.226 34.1694 9.4
      vertex -41.4 34.2856 9.4
    endloop
  endfacet
  facet normal 0 0 1
    outer loop
      vertex -40.0693 35.6767 9.4
      vertex -40.45 35.9311 9.4
      vertex -41.4 34.2856 9.4
    endloop
  endfacet
  facet normal 0 0 1
    outer loop
      vertex -40.0693 35.6767 9.4
      vertex -41.4 34.2856 9.4
      vertex -41.226 34.1694 9.4
    endloop
  endfacet
  facet normal 0 -0 -1
    outer loop
      vertex -40.45 35.9311 2.4
      vertex -40.0693 35.6767 2.4
      vertex -41.226 34.1694 2.4
    endloop
  endfacet
  facet normal 0 0 -1
    outer loop
      vertex -40.45 35.9311 2.4
      vertex -41.226 34.1694 2.4
      vertex -41.4 34.2856 2.4
    endloop
  endfacet
  facet normal 0.442289 0.896873 0
    outer loop
      vertex -40.45 35.9311 2.4
      vertex -40.8606 36.1336 2.4
      vertex -40.8606 36.1336 9.4
    endloop
  endfacet
  facet normal 0.442289 0.896873 -0
    outer loop
      vertex -40.45 35.9311 2.4
      vertex -40.8606 36.1336 9.4
      vertex -40.45 35.9311 9.4
    endloop
  endfacet
  facet normal -0.442289 -0.896873 0
    outer loop
      vertex -41.5877 34.3782 2.4
      vertex -41.4 34.2856 2.4
      vertex -41.4 34.2856 9.4
    endloop
  endfacet
  facet normal -0.442289 -0.896873 0
    outer loop
      vertex -41.5877 34.3782 2.4
      vertex -41.4 34.2856 9.4
      vertex -41.5877 34.3782 9.4
    endloop
  endfacet
  facet normal 0 0 1
    outer loop
      vertex -40.45 35.9311 9.4
      vertex -40.8606 36.1336 9.4
      vertex -41.5877 34.3782 9.4
    endloop
  endfacet
  facet normal 0 0 1
    outer loop
      vertex -40.45 35.9311 9.4
      vertex -41.5877 34.3782 9.4
      vertex -41.4 34.2856 9.4
    endloop
  endfacet
  facet normal 0 -0 -1
    outer loop
      vertex -40.8606 36.1336 2.4
      vertex -40.45 35.9311 2.4
      vertex -41.4 34.2856 2.4
    endloop
  endfacet
  facet normal 0 0 -1
    outer loop
      vertex -40.8606 36.1336 2.4
      vertex -41.4 34.2856 2.4
      vertex -41.5877 34.3782 2.4
    endloop
  endfacet
  facet normal 0.321439 0.94693 0
    outer loop
      vertex -40.8606 36.1336 2.4
      vertex -41.2941 36.2807 2.4
      vertex -41.2941 36.2807 9.4
    endloop
  endfacet
  facet normal 0.321439 0.94693 -0
    outer loop
      vertex -40.8606 36.1336 2.4
      vertex -41.2941 36.2807 9.4
      vertex -40.8606 36.1336 9.4
    endloop
  endfacet
  facet normal -0.321439 -0.94693 0
    outer loop
      vertex -41.7859 34.4455 2.4
      vertex -41.5877 34.3782 2.4
      vertex -41.5877 34.3782 9.4
    endloop
  endfacet
  facet normal -0.321439 -0.94693 0
    outer loop
      vertex -41.7859 34.4455 2.4
      vertex -41.5877 34.3782 9.4
      vertex -41.7859 34.4455 9.4
    endloop
  endfacet
  facet normal 0 0 1
    outer loop
      vertex -40.8606 36.1336 9.4
      vertex -41.2941 36.2807 9.4
      vertex -41.7859 34.4455 9.4
    endloop
  endfacet
  facet normal 0 0 1
    outer loop
      vertex -40.8606 36.1336 9.4
      vertex -41.7859 34.4455 9.4
      vertex -41.5877 34.3782 9.4
    endloop
  endfacet
  facet normal 0 -0 -1
    outer loop
      vertex -41.2941 36.2807 2.4
      vertex -40.8606 36.1336 2.4
      vertex -41.5877 34.3782 2.4
    endloop
  endfacet
  facet normal 0 0 -1
    outer loop
      vertex -41.2941 36.2807 2.4
      vertex -41.5877 34.3782 2.4
      vertex -41.7859 34.4455 2.4
    endloop
  endfacet
  facet normal 0.19509 0.980785 0
    outer loop
      vertex -41.2941 36.2807 2.4
      vertex -41.7432 36.3701 2.4
      vertex -41.7432 36.3701 9.4
    endloop
  endfacet
  facet normal 0.19509 0.980785 -0
    outer loop
      vertex -41.2941 36.2807 2.4
      vertex -41.7432 36.3701 9.4
      vertex -41.2941 36.2807 9.4
    endloop
  endfacet
  facet normal -0.19509 -0.980785 0
    outer loop
      vertex -41.9912 34.4863 2.4
      vertex -41.7859 34.4455 2.4
      vertex -41.7859 34.4455 9.4
    endloop
  endfacet
  facet normal -0.19509 -0.980785 0
    outer loop
      vertex -41.9912 34.4863 2.4
      vertex -41.7859 34.4455 9.4
      vertex -41.9912 34.4863 9.4
    endloop
  endfacet
  facet normal 0 0 1
    outer loop
      vertex -41.2941 36.2807 9.4
      vertex -41.7432 36.3701 9.4
      vertex -41.9912 34.4863 9.4
    endloop
  endfacet
  facet normal 0 0 1
    outer loop
      vertex -41.2941 36.2807 9.4
      vertex -41.9912 34.4863 9.4
      vertex -41.7859 34.4455 9.4
    endloop
  endfacet
  facet normal 0 -0 -1
    outer loop
      vertex -41.7432 36.3701 2.4
      vertex -41.2941 36.2807 2.4
      vertex -41.7859 34.4455 2.4
    endloop
  endfacet
  facet normal 0 0 -1
    outer loop
      vertex -41.7432 36.3701 2.4
      vertex -41.7859 34.4455 2.4
      vertex -41.9912 34.4863 2.4
    endloop
  endfacet
  facet normal 0.0654031 0.997859 0
    outer loop
      vertex -41.7432 36.3701 2.4
      vertex -42.2 36.4 2.4
      vertex -42.2 36.4 9.4
    endloop
  endfacet
  facet normal 0.0654031 0.997859 -0
    outer loop
      vertex -41.7432 36.3701 2.4
      vertex -42.2 36.4 9.4
      vertex -41.7432 36.3701 9.4
    endloop
  endfacet
  facet normal -0.0654031 -0.997859 0
    outer loop
      vertex -42.2 34.5 2.4
      vertex -41.9912 34.4863 2.4
      vertex -41.9912 34.4863 9.4
    endloop
  endfacet
  facet normal -0.0654031 -0.997859 0
    outer loop
      vertex -42.2 34.5 2.4
      vertex -41.9912 34.4863 9.4
      vertex -42.2 34.5 9.4
    endloop
  endfacet
  facet normal 0 0 1
    outer loop
      vertex -41.7432 36.3701 9.4
      vertex -42.2 36.4 9.4
      vertex -42.2 34.5 9.4
    endloop
  endfacet
  facet normal 0 0 1
    outer loop
      vertex -41.7432 36.3701 9.4
      vertex -42.2 34.5 9.4
      vertex -41.9912 34.4863 9.4
    endloop
  endfacet
  facet normal 0 0 -1
    outer loop
      vertex -42.2 36.4 2.4
      vertex -41.7432 36.3701 2.4
      vertex -41.9912 34.4863 2.4
    endloop
  endfacet
  facet normal 0 0 -1
    outer loop
      vertex -42.2 36.4 2.4
      vertex -41.9912 34.4863 2.4
      vertex -42.2 34.5 2.4
    endloop
  endfacet
  facet normal -0.0654031 0.997859 0
    outer loop
      vertex -42.2 36.4 2.4
      vertex -42.6568 36.3701 2.4
      vertex -42.6568 36.3701 9.4
    endloop
  endfacet
  facet normal -0.0654031 0.997859 0
    outer loop
      vertex -42.2 36.4 2.4
      vertex -42.6568 36.3701 9.4
      vertex -42.2 36.4 9.4
    endloop
  endfacet
  facet normal 0.0654031 -0.997859 0
    outer loop
      vertex -42.4088 34.4863 2.4
      vertex -42.2 34.5 2.4
      vertex -42.2 34.5 9.4
    endloop
  endfacet
  facet normal 0.0654031 -0.997859 0
    outer loop
      vertex -42.4088 34.4863 2.4
      vertex -42.2 34.5 9.4
      vertex -42.4088 34.4863 9.4
    endloop
  endfacet
  facet normal 0 0 1
    outer loop
      vertex -42.2 36.4 9.4
      vertex -42.6568 36.3701 9.4
      vertex -42.4088 34.4863 9.4
    endloop
  endfacet
  facet normal 0 0 1
    outer loop
      vertex -42.2 36.4 9.4
      vertex -42.4088 34.4863 9.4
      vertex -42.2 34.5 9.4
    endloop
  endfacet
  facet normal 0 0 -1
    outer loop
      vertex -42.6568 36.3701 2.4
      vertex -42.2 36.4 2.4
      vertex -42.2 34.5 2.4
    endloop
  endfacet
  facet normal 0 0 -1
    outer loop
      vertex -42.6568 36.3701 2.4
      vertex -42.2 34.5 2.4
      vertex -42.4088 34.4863 2.4
    endloop
  endfacet
  facet normal -0.19509 0.980785 0
    outer loop
      vertex -42.6568 36.3701 2.4
      vertex -43.1059 36.2807 2.4
      vertex -43.1059 36.2807 9.4
    endloop
  endfacet
  facet normal -0.19509 0.980785 0
    outer loop
      vertex -42.6568 36.3701 2.4
      vertex -43.1059 36.2807 9.4
      vertex -42.6568 36.3701 9.4
    endloop
  endfacet
  facet normal 0.19509 -0.980785 0
    outer loop
      vertex -42.6141 34.4455 2.4
      vertex -42.4088 34.4863 2.4
      vertex -42.4088 34.4863 9.4
    endloop
  endfacet
  facet normal 0.19509 -0.980785 0
    outer loop
      vertex -42.6141 34.4455 2.4
      vertex -42.4088 34.4863 9.4
      vertex -42.6141 34.4455 9.4
    endloop
  endfacet
  facet normal 0 0 1
    outer loop
      vertex -42.6568 36.3701 9.4
      vertex -43.1059 36.2807 9.4
      vertex -42.6141 34.4455 9.4
    endloop
  endfacet
  facet normal 0 0 1
    outer loop
      vertex -42.6568 36.3701 9.4
      vertex -42.6141 34.4455 9.4
      vertex -42.4088 34.4863 9.4
    endloop
  endfacet
  facet normal 0 0 -1
    outer loop
      vertex -43.1059 36.2807 2.4
      vertex -42.6568 36.3701 2.4
      vertex -42.4088 34.4863 2.4
    endloop
  endfacet
  facet normal 0 0 -1
    outer loop
      vertex -43.1059 36.2807 2.4
      vertex -42.4088 34.4863 2.4
      vertex -42.6141 34.4455 2.4
    endloop
  endfacet
  facet normal -0.321439 0.94693 0
    outer loop
      vertex -43.1059 36.2807 2.4
      vertex -43.5394 36.1336 2.4
      vertex -43.5394 36.1336 9.4
    endloop
  endfacet
  facet normal -0.321439 0.94693 0
    outer loop
      vertex -43.1059 36.2807 2.4
      vertex -43.5394 36.1336 9.4
      vertex -43.1059 36.2807 9.4
    endloop
  endfacet
  facet normal 0.321439 -0.94693 0
    outer loop
      vertex -42.8123 34.3782 2.4
      vertex -42.6141 34.4455 2.4
      vertex -42.6141 34.4455 9.4
    endloop
  endfacet
  facet normal 0.321439 -0.94693 0
    outer loop
      vertex -42.8123 34.3782 2.4
      vertex -42.6141 34.4455 9.4
      vertex -42.8123 34.3782 9.4
    endloop
  endfacet
  facet normal 0 0 1
    outer loop
      vertex -43.1059 36.2807 9.4
      vertex -43.5394 36.1336 9.4
      vertex -42.8123 34.3782 9.4
    endloop
  endfacet
  facet normal 0 0 1
    outer loop
      vertex -43.1059 36.2807 9.4
      vertex -42.8123 34.3782 9.4
      vertex -42.6141 34.4455 9.4
    endloop
  endfacet
  facet normal 0 0 -1
    outer loop
      vertex -43.5394 36.1336 2.4
      vertex -43.1059 36.2807 2.4
      vertex -42.6141 34.4455 2.4
    endloop
  endfacet
  facet normal 0 0 -1
    outer loop
      vertex -43.5394 36.1336 2.4
      vertex -42.6141 34.4455 2.4
      vertex -42.8123 34.3782 2.4
    endloop
  endfacet
  facet normal -0.442289 0.896873 0
    outer loop
      vertex -43.5394 36.1336 2.4
      vertex -43.95 35.9311 2.4
      vertex -43.95 35.9311 9.4
    endloop
  endfacet
  facet normal -0.442289 0.896873 0
    outer loop
      vertex -43.5394 36.1336 2.4
      vertex -43.95 35.9311 9.4
      vertex -43.5394 36.1336 9.4
    endloop
  endfacet
  facet normal 0.442289 -0.896873 0
    outer loop
      vertex -43 34.2856 2.4
      vertex -42.8123 34.3782 2.4
      vertex -42.8123 34.3782 9.4
    endloop
  endfacet
  facet normal 0.442289 -0.896873 0
    outer loop
      vertex -43 34.2856 2.4
      vertex -42.8123 34.3782 9.4
      vertex -43 34.2856 9.4
    endloop
  endfacet
  facet normal 0 0 1
    outer loop
      vertex -43.5394 36.1336 9.4
      vertex -43.95 35.9311 9.4
      vertex -43 34.2856 9.4
    endloop
  endfacet
  facet normal 0 0 1
    outer loop
      vertex -43.5394 36.1336 9.4
      vertex -43 34.2856 9.4
      vertex -42.8123 34.3782 9.4
    endloop
  endfacet
  facet normal 0 0 -1
    outer loop
      vertex -43.95 35.9311 2.4
      vertex -43.5394 36.1336 2.4
      vertex -42.8123 34.3782 2.4
    endloop
  endfacet
  facet normal 0 0 -1
    outer loop
      vertex -43.95 35.9311 2.4
      vertex -42.8123 34.3782 2.4
      vertex -43 34.2856 2.4
    endloop
  endfacet
  facet normal -0.55557 0.83147 0
    outer loop
      vertex -43.95 35.9311 2.4
      vertex -44.3307 35.6767 2.4
      vertex -44.3307 35.6767 9.4
    endloop
  endfacet
  facet normal -0.55557 0.83147 0
    outer loop
      vertex -43.95 35.9311 2.4
      vertex -44.3307 35.6767 9.4
      vertex -43.95 35.9311 9.4
    endloop
  endfacet
  facet normal 0.55557 -0.83147 0
    outer loop
      vertex -43.174 34.1694 2.4
      vertex -43 34.2856 2.4
      vertex -43 34.2856 9.4
    endloop
  endfacet
  facet normal 0.55557 -0.83147 0
    outer loop
      vertex -43.174 34.1694 2.4
      vertex -43 34.2856 9.4
      vertex -43.174 34.1694 9.4
    endloop
  endfacet
  facet normal 0 0 1
    outer loop
      vertex -43.95 35.9311 9.4
      vertex -44.3307 35.6767 9.4
      vertex -43.174 34.1694 9.4
    endloop
  endfacet
  facet normal 0 0 1
    outer loop
      vertex -43.95 35.9311 9.4
      vertex -43.174 34.1694 9.4
      vertex -43 34.2856 9.4
    endloop
  endfacet
  facet normal 0 0 -1
    outer loop
      vertex -44.3307 35.6767 2.4
      vertex -43.95 35.9311 2.4
      vertex -43 34.2856 2.4
    endloop
  endfacet
  facet normal 0 0 -1
    outer loop
      vertex -44.3307 35.6767 2.4
      vertex -43 34.2856 2.4
      vertex -43.174 34.1694 2.4
    endloop
  endfacet
  facet normal -0.659346 0.75184 0
    outer loop
      vertex -44.3307 35.6767 2.4
      vertex -44.6749 35.3749 2.4
      vertex -44.6749 35.3749 9.4
    endloop
  endfacet
  facet normal -0.659346 0.75184 0
    outer loop
      vertex -44.3307 35.6767 2.4
      vertex -44.6749 35.3749 9.4
      vertex -44.3307 35.6767 9.4
    endloop
  endfacet
  facet normal 0.659346 -0.75184 0
    outer loop
      vertex -43.3314 34.0314 2.4
      vertex -43.174 34.1694 2.4
      vertex -43.174 34.1694 9.4
    endloop
  endfacet
  facet normal 0.659346 -0.75184 0
    outer loop
      vertex -43.3314 34.0314 2.4
      vertex -43.174 34.1694 9.4
      vertex -43.3314 34.0314 9.4
    endloop
  endfacet
  facet normal 0 0 1
    outer loop
      vertex -44.3307 35.6767 9.4
      vertex -44.6749 35.3749 9.4
      vertex -43.3314 34.0314 9.4
    endloop
  endfacet
  facet normal 0 0 1
    outer loop
      vertex -44.3307 35.6767 9.4
      vertex -43.3314 34.0314 9.4
      vertex -43.174 34.1694 9.4
    endloop
  endfacet
  facet normal 0 0 -1
    outer loop
      vertex -44.6749 35.3749 2.4
      vertex -44.3307 35.6767 2.4
      vertex -43.174 34.1694 2.4
    endloop
  endfacet
  facet normal 0 0 -1
    outer loop
      vertex -44.6749 35.3749 2.4
      vertex -43.174 34.1694 2.4
      vertex -43.3314 34.0314 2.4
    endloop
  endfacet
  facet normal -0.75184 0.659346 0
    outer loop
      vertex -44.6749 35.3749 2.4
      vertex -44.9767 35.0307 2.4
      vertex -44.9767 35.0307 9.4
    endloop
  endfacet
  facet normal -0.75184 0.659346 0
    outer loop
      vertex -44.6749 35.3749 2.4
      vertex -44.9767 35.0307 9.4
      vertex -44.6749 35.3749 9.4
    endloop
  endfacet
  facet normal 0.75184 -0.659346 0
    outer loop
      vertex -43.4694 33.874 2.4
      vertex -43.3314 34.0314 2.4
      vertex -43.3314 34.0314 9.4
    endloop
  endfacet
  facet normal 0.75184 -0.659346 0
    outer loop
      vertex -43.4694 33.874 2.4
      vertex -43.3314 34.0314 9.4
      vertex -43.4694 33.874 9.4
    endloop
  endfacet
  facet normal 0 0 1
    outer loop
      vertex -44.6749 35.3749 9.4
      vertex -44.9767 35.0307 9.4
      vertex -43.4694 33.874 9.4
    endloop
  endfacet
  facet normal 0 0 1
    outer loop
      vertex -44.6749 35.3749 9.4
      vertex -43.4694 33.874 9.4
      vertex -43.3314 34.0314 9.4
    endloop
  endfacet
  facet normal 0 0 -1
    outer loop
      vertex -44.9767 35.0307 2.4
      vertex -44.6749 35.3749 2.4
      vertex -43.3314 34.0314 2.4
    endloop
  endfacet
  facet normal 0 0 -1
    outer loop
      vertex -44.9767 35.0307 2.4
      vertex -43.3314 34.0314 2.4
      vertex -43.4694 33.874 2.4
    endloop
  endfacet
  facet normal -0.83147 0.55557 0
    outer loop
      vertex -44.9767 35.0307 2.4
      vertex -45.2311 34.65 2.4
      vertex -45.2311 34.65 9.4
    endloop
  endfacet
  facet normal -0.83147 0.55557 0
    outer loop
      vertex -44.9767 35.0307 2.4
      vertex -45.2311 34.65 9.4
      vertex -44.9767 35.0307 9.4
    endloop
  endfacet
  facet normal 0.83147 -0.55557 0
    outer loop
      vertex -43.5856 33.7 2.4
      vertex -43.4694 33.874 2.4
      vertex -43.4694 33.874 9.4
    endloop
  endfacet
  facet normal 0.83147 -0.55557 0
    outer loop
      vertex -43.5856 33.7 2.4
      vertex -43.4694 33.874 9.4
      vertex -43.5856 33.7 9.4
    endloop
  endfacet
  facet normal 0 0 1
    outer loop
      vertex -44.9767 35.0307 9.4
      vertex -45.2311 34.65 9.4
      vertex -43.5856 33.7 9.4
    endloop
  endfacet
  facet normal 0 0 1
    outer loop
      vertex -44.9767 35.0307 9.4
      vertex -43.5856 33.7 9.4
      vertex -43.4694 33.874 9.4
    endloop
  endfacet
  facet normal 0 0 -1
    outer loop
      vertex -45.2311 34.65 2.4
      vertex -44.9767 35.0307 2.4
      vertex -43.4694 33.874 2.4
    endloop
  endfacet
  facet normal 0 0 -1
    outer loop
      vertex -45.2311 34.65 2.4
      vertex -43.4694 33.874 2.4
      vertex -43.5856 33.7 2.4
    endloop
  endfacet
  facet normal -0.896873 0.442289 0
    outer loop
      vertex -45.2311 34.65 2.4
      vertex -45.4336 34.2394 2.4
      vertex -45.4336 34.2394 9.4
    endloop
  endfacet
  facet normal -0.896873 0.442289 0
    outer loop
      vertex -45.2311 34.65 2.4
      vertex -45.4336 34.2394 9.4
      vertex -45.2311 34.65 9.4
    endloop
  endfacet
  facet normal 0.896873 -0.442289 0
    outer loop
      vertex -43.6782 33.5123 2.4
      vertex -43.5856 33.7 2.4
      vertex -43.5856 33.7 9.4
    endloop
  endfacet
  facet normal 0.896873 -0.442289 0
    outer loop
      vertex -43.6782 33.5123 2.4
      vertex -43.5856 33.7 9.4
      vertex -43.6782 33.5123 9.4
    endloop
  endfacet
  facet normal 0 0 1
    outer loop
      vertex -45.2311 34.65 9.4
      vertex -45.4336 34.2394 9.4
      vertex -43.6782 33.5123 9.4
    endloop
  endfacet
  facet normal 0 0 1
    outer loop
      vertex -45.2311 34.65 9.4
      vertex -43.6782 33.5123 9.4
      vertex -43.5856 33.7 9.4
    endloop
  endfacet
  facet normal 0 0 -1
    outer loop
      vertex -45.4336 34.2394 2.4
      vertex -45.2311 34.65 2.4
      vertex -43.5856 33.7 2.4
    endloop
  endfacet
  facet normal 0 0 -1
    outer loop
      vertex -45.4336 34.2394 2.4
      vertex -43.5856 33.7 2.4
      vertex -43.6782 33.5123 2.4
    endloop
  endfacet
  facet normal -0.94693 0.321439 0
    outer loop
      vertex -45.4336 34.2394 2.4
      vertex -45.5807 33.8059 2.4
      vertex -45.5807 33.8059 9.4
    endloop
  endfacet
  facet normal -0.94693 0.321439 0
    outer loop
      vertex -45.4336 34.2394 2.4
      vertex -45.5807 33.8059 9.4
      vertex -45.4336 34.2394 9.4
    endloop
  endfacet
  facet normal 0.94693 -0.321439 0
    outer loop
      vertex -43.7455 33.3141 2.4
      vertex -43.6782 33.5123 2.4
      vertex -43.6782 33.5123 9.4
    endloop
  endfacet
  facet normal 0.94693 -0.321439 0
    outer loop
      vertex -43.7455 33.3141 2.4
      vertex -43.6782 33.5123 9.4
      vertex -43.7455 33.3141 9.4
    endloop
  endfacet
  facet normal 0 0 1
    outer loop
      vertex -45.4336 34.2394 9.4
      vertex -45.5807 33.8059 9.4
      vertex -43.7455 33.3141 9.4
    endloop
  endfacet
  facet normal 0 0 1
    outer loop
      vertex -45.4336 34.2394 9.4
      vertex -43.7455 33.3141 9.4
      vertex -43.6782 33.5123 9.4
    endloop
  endfacet
  facet normal 0 0 -1
    outer loop
      vertex -45.5807 33.8059 2.4
      vertex -45.4336 34.2394 2.4
      vertex -43.6782 33.5123 2.4
    endloop
  endfacet
  facet normal 0 0 -1
    outer loop
      vertex -45.5807 33.8059 2.4
      vertex -43.6782 33.5123 2.4
      vertex -43.7455 33.3141 2.4
    endloop
  endfacet
  facet normal -0.980785 0.19509 0
    outer loop
      vertex -45.5807 33.8059 2.4
      vertex -45.6701 33.3568 2.4
      vertex -45.6701 33.3568 9.4
    endloop
  endfacet
  facet normal -0.980785 0.19509 0
    outer loop
      vertex -45.5807 33.8059 2.4
      vertex -45.6701 33.3568 9.4
      vertex -45.5807 33.8059 9.4
    endloop
  endfacet
  facet normal 0.980785 -0.19509 0
    outer loop
      vertex -43.7863 33.1088 2.4
      vertex -43.7455 33.3141 2.4
      vertex -43.7455 33.3141 9.4
    endloop
  endfacet
  facet normal 0.980785 -0.19509 0
    outer loop
      vertex -43.7863 33.1088 2.4
      vertex -43.7455 33.3141 9.4
      vertex -43.7863 33.1088 9.4
    endloop
  endfacet
  facet normal 0 0 1
    outer loop
      vertex -45.5807 33.8059 9.4
      vertex -45.6701 33.3568 9.4
      vertex -43.7863 33.1088 9.4
    endloop
  endfacet
  facet normal 0 0 1
    outer loop
      vertex -45.5807 33.8059 9.4
      vertex -43.7863 33.1088 9.4
      vertex -43.7455 33.3141 9.4
    endloop
  endfacet
  facet normal 0 0 -1
    outer loop
      vertex -45.6701 33.3568 2.4
      vertex -45.5807 33.8059 2.4
      vertex -43.7455 33.3141 2.4
    endloop
  endfacet
  facet normal 0 0 -1
    outer loop
      vertex -45.6701 33.3568 2.4
      vertex -43.7455 33.3141 2.4
      vertex -43.7863 33.1088 2.4
    endloop
  endfacet
  facet normal -0.997859 0.0654031 0
    outer loop
      vertex -45.6701 33.3568 2.4
      vertex -45.7 32.9 2.4
      vertex -45.7 32.9 9.4
    endloop
  endfacet
  facet normal -0.997859 0.0654031 0
    outer loop
      vertex -45.6701 33.3568 2.4
      vertex -45.7 32.9 9.4
      vertex -45.6701 33.3568 9.4
    endloop
  endfacet
  facet normal 0.997859 -0.0654031 0
    outer loop
      vertex -43.8 32.9 2.4
      vertex -43.7863 33.1088 2.4
      vertex -43.7863 33.1088 9.4
    endloop
  endfacet
  facet normal 0.997859 -0.0654031 0
    outer loop
      vertex -43.8 32.9 2.4
      vertex -43.7863 33.1088 9.4
      vertex -43.8 32.9 9.4
    endloop
  endfacet
  facet normal 0 0 1
    outer loop
      vertex -45.6701 33.3568 9.4
      vertex -45.7 32.9 9.4
      vertex -43.8 32.9 9.4
    endloop
  endfacet
  facet normal 0 0 1
    outer loop
      vertex -45.6701 33.3568 9.4
      vertex -43.8 32.9 9.4
      vertex -43.7863 33.1088 9.4
    endloop
  endfacet
  facet normal 0 0 -1
    outer loop
      vertex -45.7 32.9 2.4
      vertex -45.6701 33.3568 2.4
      vertex -43.7863 33.1088 2.4
    endloop
  endfacet
  facet normal 0 0 -1
    outer loop
      vertex -45.7 32.9 2.4
      vertex -43.7863 33.1088 2.4
      vertex -43.8 32.9 2.4
    endloop
  endfacet
  facet normal -0.997859 -0.0654031 0
    outer loop
      vertex -45.7 32.9 2.4
      vertex -45.6701 32.4432 2.4
      vertex -45.6701 32.4432 9.4
    endloop
  endfacet
  facet normal -0.997859 -0.0654031 0
    outer loop
      vertex -45.7 32.9 2.4
      vertex -45.6701 32.4432 9.4
      vertex -45.7 32.9 9.4
    endloop
  endfacet
  facet normal 0.997859 0.0654031 0
    outer loop
      vertex -43.7863 32.6912 2.4
      vertex -43.8 32.9 2.4
      vertex -43.8 32.9 9.4
    endloop
  endfacet
  facet normal 0.997859 0.0654031 -0
    outer loop
      vertex -43.7863 32.6912 2.4
      vertex -43.8 32.9 9.4
      vertex -43.7863 32.6912 9.4
    endloop
  endfacet
  facet normal 0 0 1
    outer loop
      vertex -45.7 32.9 9.4
      vertex -45.6701 32.4432 9.4
      vertex -43.7863 32.6912 9.4
    endloop
  endfacet
  facet normal -0 0 1
    outer loop
      vertex -45.7 32.9 9.4
      vertex -43.7863 32.6912 9.4
      vertex -43.8 32.9 9.4
    endloop
  endfacet
  facet normal 0 0 -1
    outer loop
      vertex -45.6701 32.4432 2.4
      vertex -45.7 32.9 2.4
      vertex -43.8 32.9 2.4
    endloop
  endfacet
  facet normal 0 0 -1
    outer loop
      vertex -45.6701 32.4432 2.4
      vertex -43.8 32.9 2.4
      vertex -43.7863 32.6912 2.4
    endloop
  endfacet
  facet normal -0.980785 -0.19509 0
    outer loop
      vertex -45.6701 32.4432 2.4
      vertex -45.5807 31.9941 2.4
      vertex -45.5807 31.9941 9.4
    endloop
  endfacet
  facet normal -0.980785 -0.19509 0
    outer loop
      vertex -45.6701 32.4432 2.4
      vertex -45.5807 31.9941 9.4
      vertex -45.6701 32.4432 9.4
    endloop
  endfacet
  facet normal 0.980785 0.19509 0
    outer loop
      vertex -43.7455 32.4859 2.4
      vertex -43.7863 32.6912 2.4
      vertex -43.7863 32.6912 9.4
    endloop
  endfacet
  facet normal 0.980785 0.19509 -0
    outer loop
      vertex -43.7455 32.4859 2.4
      vertex -43.7863 32.6912 9.4
      vertex -43.7455 32.4859 9.4
    endloop
  endfacet
  facet normal -0 0 1
    outer loop
      vertex -45.6701 32.4432 9.4
      vertex -45.5807 31.9941 9.4
      vertex -43.7455 32.4859 9.4
    endloop
  endfacet
  facet normal 0 0 1
    outer loop
      vertex -45.6701 32.4432 9.4
      vertex -43.7455 32.4859 9.4
      vertex -43.7863 32.6912 9.4
    endloop
  endfacet
  facet normal 0 0 -1
    outer loop
      vertex -45.5807 31.9941 2.4
      vertex -45.6701 32.4432 2.4
      vertex -43.7863 32.6912 2.4
    endloop
  endfacet
  facet normal 0 0 -1
    outer loop
      vertex -45.5807 31.9941 2.4
      vertex -43.7863 32.6912 2.4
      vertex -43.7455 32.4859 2.4
    endloop
  endfacet
  facet normal -0.94693 -0.321439 0
    outer loop
      vertex -45.5807 31.9941 2.4
      vertex -45.4336 31.5606 2.4
      vertex -45.4336 31.5606 9.4
    endloop
  endfacet
  facet normal -0.94693 -0.321439 0
    outer loop
      vertex -45.5807 31.9941 2.4
      vertex -45.4336 31.5606 9.4
      vertex -45.5807 31.9941 9.4
    endloop
  endfacet
  facet normal 0.94693 0.321439 0
    outer loop
      vertex -43.6782 32.2877 2.4
      vertex -43.7455 32.4859 2.4
      vertex -43.7455 32.4859 9.4
    endloop
  endfacet
  facet normal 0.94693 0.321439 -0
    outer loop
      vertex -43.6782 32.2877 2.4
      vertex -43.7455 32.4859 9.4
      vertex -43.6782 32.2877 9.4
    endloop
  endfacet
  facet normal -0 0 1
    outer loop
      vertex -45.5807 31.9941 9.4
      vertex -45.4336 31.5606 9.4
      vertex -43.6782 32.2877 9.4
    endloop
  endfacet
  facet normal 0 0 1
    outer loop
      vertex -45.5807 31.9941 9.4
      vertex -43.6782 32.2877 9.4
      vertex -43.7455 32.4859 9.4
    endloop
  endfacet
  facet normal 0 0 -1
    outer loop
      vertex -45.4336 31.5606 2.4
      vertex -45.5807 31.9941 2.4
      vertex -43.7455 32.4859 2.4
    endloop
  endfacet
  facet normal 0 0 -1
    outer loop
      vertex -45.4336 31.5606 2.4
      vertex -43.7455 32.4859 2.4
      vertex -43.6782 32.2877 2.4
    endloop
  endfacet
  facet normal -0.896873 -0.442289 0
    outer loop
      vertex -45.4336 31.5606 2.4
      vertex -45.2311 31.15 2.4
      vertex -45.2311 31.15 9.4
    endloop
  endfacet
  facet normal -0.896873 -0.442289 0
    outer loop
      vertex -45.4336 31.5606 2.4
      vertex -45.2311 31.15 9.4
      vertex -45.4336 31.5606 9.4
    endloop
  endfacet
  facet normal 0.896873 0.442289 0
    outer loop
      vertex -43.5856 32.1 2.4
      vertex -43.6782 32.2877 2.4
      vertex -43.6782 32.2877 9.4
    endloop
  endfacet
  facet normal 0.896873 0.442289 -0
    outer loop
      vertex -43.5856 32.1 2.4
      vertex -43.6782 32.2877 9.4
      vertex -43.5856 32.1 9.4
    endloop
  endfacet
  facet normal -0 0 1
    outer loop
      vertex -45.4336 31.5606 9.4
      vertex -45.2311 31.15 9.4
      vertex -43.5856 32.1 9.4
    endloop
  endfacet
  facet normal 0 0 1
    outer loop
      vertex -45.4336 31.5606 9.4
      vertex -43.5856 32.1 9.4
      vertex -43.6782 32.2877 9.4
    endloop
  endfacet
  facet normal 0 0 -1
    outer loop
      vertex -45.2311 31.15 2.4
      vertex -45.4336 31.5606 2.4
      vertex -43.6782 32.2877 2.4
    endloop
  endfacet
  facet normal 0 0 -1
    outer loop
      vertex -45.2311 31.15 2.4
      vertex -43.6782 32.2877 2.4
      vertex -43.5856 32.1 2.4
    endloop
  endfacet
  facet normal -0.83147 -0.55557 0
    outer loop
      vertex -45.2311 31.15 2.4
      vertex -44.9767 30.7693 2.4
      vertex -44.9767 30.7693 9.4
    endloop
  endfacet
  facet normal -0.83147 -0.55557 0
    outer loop
      vertex -45.2311 31.15 2.4
      vertex -44.9767 30.7693 9.4
      vertex -45.2311 31.15 9.4
    endloop
  endfacet
  facet normal 0.83147 0.55557 0
    outer loop
      vertex -43.4694 31.926 2.4
      vertex -43.5856 32.1 2.4
      vertex -43.5856 32.1 9.4
    endloop
  endfacet
  facet normal 0.83147 0.55557 -0
    outer loop
      vertex -43.4694 31.926 2.4
      vertex -43.5856 32.1 9.4
      vertex -43.4694 31.926 9.4
    endloop
  endfacet
  facet normal -0 0 1
    outer loop
      vertex -45.2311 31.15 9.4
      vertex -44.9767 30.7693 9.4
      vertex -43.4694 31.926 9.4
    endloop
  endfacet
  facet normal 0 0 1
    outer loop
      vertex -45.2311 31.15 9.4
      vertex -43.4694 31.926 9.4
      vertex -43.5856 32.1 9.4
    endloop
  endfacet
  facet normal 0 0 -1
    outer loop
      vertex -44.9767 30.7693 2.4
      vertex -45.2311 31.15 2.4
      vertex -43.5856 32.1 2.4
    endloop
  endfacet
  facet normal 0 0 -1
    outer loop
      vertex -44.9767 30.7693 2.4
      vertex -43.5856 32.1 2.4
      vertex -43.4694 31.926 2.4
    endloop
  endfacet
  facet normal -0.75184 -0.659346 0
    outer loop
      vertex -44.9767 30.7693 2.4
      vertex -44.6749 30.4251 2.4
      vertex -44.6749 30.4251 9.4
    endloop
  endfacet
  facet normal -0.75184 -0.659346 0
    outer loop
      vertex -44.9767 30.7693 2.4
      vertex -44.6749 30.4251 9.4
      vertex -44.9767 30.7693 9.4
    endloop
  endfacet
  facet normal 0.75184 0.659346 0
    outer loop
      vertex -43.3314 31.7686 2.4
      vertex -43.4694 31.926 2.4
      vertex -43.4694 31.926 9.4
    endloop
  endfacet
  facet normal 0.75184 0.659346 -0
    outer loop
      vertex -43.3314 31.7686 2.4
      vertex -43.4694 31.926 9.4
      vertex -43.3314 31.7686 9.4
    endloop
  endfacet
  facet normal -0 0 1
    outer loop
      vertex -44.9767 30.7693 9.4
      vertex -44.6749 30.4251 9.4
      vertex -43.3314 31.7686 9.4
    endloop
  endfacet
  facet normal 0 0 1
    outer loop
      vertex -44.9767 30.7693 9.4
      vertex -43.3314 31.7686 9.4
      vertex -43.4694 31.926 9.4
    endloop
  endfacet
  facet normal 0 0 -1
    outer loop
      vertex -44.6749 30.4251 2.4
      vertex -44.9767 30.7693 2.4
      vertex -43.4694 31.926 2.4
    endloop
  endfacet
  facet normal 0 0 -1
    outer loop
      vertex -44.6749 30.4251 2.4
      vertex -43.4694 31.926 2.4
      vertex -43.3314 31.7686 2.4
    endloop
  endfacet
  facet normal -0.659346 -0.75184 0
    outer loop
      vertex -44.6749 30.4251 2.4
      vertex -44.3307 30.1233 2.4
      vertex -44.3307 30.1233 9.4
    endloop
  endfacet
  facet normal -0.659346 -0.75184 0
    outer loop
      vertex -44.6749 30.4251 2.4
      vertex -44.3307 30.1233 9.4
      vertex -44.6749 30.4251 9.4
    endloop
  endfacet
  facet normal 0.659346 0.75184 0
    outer loop
      vertex -43.174 31.6306 2.4
      vertex -43.3314 31.7686 2.4
      vertex -43.3314 31.7686 9.4
    endloop
  endfacet
  facet normal 0.659346 0.75184 -0
    outer loop
      vertex -43.174 31.6306 2.4
      vertex -43.3314 31.7686 9.4
      vertex -43.174 31.6306 9.4
    endloop
  endfacet
  facet normal -0 0 1
    outer loop
      vertex -44.6749 30.4251 9.4
      vertex -44.3307 30.1233 9.4
      vertex -43.174 31.6306 9.4
    endloop
  endfacet
  facet normal 0 0 1
    outer loop
      vertex -44.6749 30.4251 9.4
      vertex -43.174 31.6306 9.4
      vertex -43.3314 31.7686 9.4
    endloop
  endfacet
  facet normal 0 0 -1
    outer loop
      vertex -44.3307 30.1233 2.4
      vertex -44.6749 30.4251 2.4
      vertex -43.3314 31.7686 2.4
    endloop
  endfacet
  facet normal 0 0 -1
    outer loop
      vertex -44.3307 30.1233 2.4
      vertex -43.3314 31.7686 2.4
      vertex -43.174 31.6306 2.4
    endloop
  endfacet
  facet normal -0.55557 -0.83147 0
    outer loop
      vertex -44.3307 30.1233 2.4
      vertex -43.95 29.8689 2.4
      vertex -43.95 29.8689 9.4
    endloop
  endfacet
  facet normal -0.55557 -0.83147 0
    outer loop
      vertex -44.3307 30.1233 2.4
      vertex -43.95 29.8689 9.4
      vertex -44.3307 30.1233 9.4
    endloop
  endfacet
  facet normal 0.55557 0.83147 0
    outer loop
      vertex -43 31.5144 2.4
      vertex -43.174 31.6306 2.4
      vertex -43.174 31.6306 9.4
    endloop
  endfacet
  facet normal 0.55557 0.83147 -0
    outer loop
      vertex -43 31.5144 2.4
      vertex -43.174 31.6306 9.4
      vertex -43 31.5144 9.4
    endloop
  endfacet
  facet normal -0 0 1
    outer loop
      vertex -44.3307 30.1233 9.4
      vertex -43.95 29.8689 9.4
      vertex -43 31.5144 9.4
    endloop
  endfacet
  facet normal 0 0 1
    outer loop
      vertex -44.3307 30.1233 9.4
      vertex -43 31.5144 9.4
      vertex -43.174 31.6306 9.4
    endloop
  endfacet
  facet normal 0 0 -1
    outer loop
      vertex -43.95 29.8689 2.4
      vertex -44.3307 30.1233 2.4
      vertex -43.174 31.6306 2.4
    endloop
  endfacet
  facet normal 0 0 -1
    outer loop
      vertex -43.95 29.8689 2.4
      vertex -43.174 31.6306 2.4
      vertex -43 31.5144 2.4
    endloop
  endfacet
  facet normal -0.442289 -0.896873 0
    outer loop
      vertex -43.95 29.8689 2.4
      vertex -43.5394 29.6664 2.4
      vertex -43.5394 29.6664 9.4
    endloop
  endfacet
  facet normal -0.442289 -0.896873 0
    outer loop
      vertex -43.95 29.8689 2.4
      vertex -43.5394 29.6664 9.4
      vertex -43.95 29.8689 9.4
    endloop
  endfacet
  facet normal 0.442289 0.896873 0
    outer loop
      vertex -42.8123 31.4218 2.4
      vertex -43 31.5144 2.4
      vertex -43 31.5144 9.4
    endloop
  endfacet
  facet normal 0.442289 0.896873 -0
    outer loop
      vertex -42.8123 31.4218 2.4
      vertex -43 31.5144 9.4
      vertex -42.8123 31.4218 9.4
    endloop
  endfacet
  facet normal -0 0 1
    outer loop
      vertex -43.95 29.8689 9.4
      vertex -43.5394 29.6664 9.4
      vertex -42.8123 31.4218 9.4
    endloop
  endfacet
  facet normal 0 0 1
    outer loop
      vertex -43.95 29.8689 9.4
      vertex -42.8123 31.4218 9.4
      vertex -43 31.5144 9.4
    endloop
  endfacet
  facet normal 0 0 -1
    outer loop
      vertex -43.5394 29.6664 2.4
      vertex -43.95 29.8689 2.4
      vertex -43 31.5144 2.4
    endloop
  endfacet
  facet normal 0 0 -1
    outer loop
      vertex -43.5394 29.6664 2.4
      vertex -43 31.5144 2.4
      vertex -42.8123 31.4218 2.4
    endloop
  endfacet
  facet normal -0.321439 -0.94693 0
    outer loop
      vertex -43.5394 29.6664 2.4
      vertex -43.1059 29.5193 2.4
      vertex -43.1059 29.5193 9.4
    endloop
  endfacet
  facet normal -0.321439 -0.94693 0
    outer loop
      vertex -43.5394 29.6664 2.4
      vertex -43.1059 29.5193 9.4
      vertex -43.5394 29.6664 9.4
    endloop
  endfacet
  facet normal 0.321439 0.94693 0
    outer loop
      vertex -42.6141 31.3545 2.4
      vertex -42.8123 31.4218 2.4
      vertex -42.8123 31.4218 9.4
    endloop
  endfacet
  facet normal 0.321439 0.94693 -0
    outer loop
      vertex -42.6141 31.3545 2.4
      vertex -42.8123 31.4218 9.4
      vertex -42.6141 31.3545 9.4
    endloop
  endfacet
  facet normal -0 0 1
    outer loop
      vertex -43.5394 29.6664 9.4
      vertex -43.1059 29.5193 9.4
      vertex -42.6141 31.3545 9.4
    endloop
  endfacet
  facet normal 0 0 1
    outer loop
      vertex -43.5394 29.6664 9.4
      vertex -42.6141 31.3545 9.4
      vertex -42.8123 31.4218 9.4
    endloop
  endfacet
  facet normal 0 0 -1
    outer loop
      vertex -43.1059 29.5193 2.4
      vertex -43.5394 29.6664 2.4
      vertex -42.8123 31.4218 2.4
    endloop
  endfacet
  facet normal 0 0 -1
    outer loop
      vertex -43.1059 29.5193 2.4
      vertex -42.8123 31.4218 2.4
      vertex -42.6141 31.3545 2.4
    endloop
  endfacet
  facet normal -0.19509 -0.980785 0
    outer loop
      vertex -43.1059 29.5193 2.4
      vertex -42.6568 29.4299 2.4
      vertex -42.6568 29.4299 9.4
    endloop
  endfacet
  facet normal -0.19509 -0.980785 0
    outer loop
      vertex -43.1059 29.5193 2.4
      vertex -42.6568 29.4299 9.4
      vertex -43.1059 29.5193 9.4
    endloop
  endfacet
  facet normal 0.19509 0.980785 0
    outer loop
      vertex -42.4088 31.3137 2.4
      vertex -42.6141 31.3545 2.4
      vertex -42.6141 31.3545 9.4
    endloop
  endfacet
  facet normal 0.19509 0.980785 -0
    outer loop
      vertex -42.4088 31.3137 2.4
      vertex -42.6141 31.3545 9.4
      vertex -42.4088 31.3137 9.4
    endloop
  endfacet
  facet normal -0 0 1
    outer loop
      vertex -43.1059 29.5193 9.4
      vertex -42.6568 29.4299 9.4
      vertex -42.4088 31.3137 9.4
    endloop
  endfacet
  facet normal 0 0 1
    outer loop
      vertex -43.1059 29.5193 9.4
      vertex -42.4088 31.3137 9.4
      vertex -42.6141 31.3545 9.4
    endloop
  endfacet
  facet normal 0 0 -1
    outer loop
      vertex -42.6568 29.4299 2.4
      vertex -43.1059 29.5193 2.4
      vertex -42.6141 31.3545 2.4
    endloop
  endfacet
  facet normal 0 0 -1
    outer loop
      vertex -42.6568 29.4299 2.4
      vertex -42.6141 31.3545 2.4
      vertex -42.4088 31.3137 2.4
    endloop
  endfacet
  facet normal -0.0654031 -0.997859 0
    outer loop
      vertex -42.6568 29.4299 2.4
      vertex -42.2 29.4 2.4
      vertex -42.2 29.4 9.4
    endloop
  endfacet
  facet normal -0.0654031 -0.997859 0
    outer loop
      vertex -42.6568 29.4299 2.4
      vertex -42.2 29.4 9.4
      vertex -42.6568 29.4299 9.4
    endloop
  endfacet
  facet normal 0.0654031 0.997859 0
    outer loop
      vertex -42.2 31.3 2.4
      vertex -42.4088 31.3137 2.4
      vertex -42.4088 31.3137 9.4
    endloop
  endfacet
  facet normal 0.0654031 0.997859 -0
    outer loop
      vertex -42.2 31.3 2.4
      vertex -42.4088 31.3137 9.4
      vertex -42.2 31.3 9.4
    endloop
  endfacet
  facet normal -0 0 1
    outer loop
      vertex -42.6568 29.4299 9.4
      vertex -42.2 29.4 9.4
      vertex -42.2 31.3 9.4
    endloop
  endfacet
  facet normal 0 0 1
    outer loop
      vertex -42.6568 29.4299 9.4
      vertex -42.2 31.3 9.4
      vertex -42.4088 31.3137 9.4
    endloop
  endfacet
  facet normal 0 0 -1
    outer loop
      vertex -42.2 29.4 2.4
      vertex -42.6568 29.4299 2.4
      vertex -42.4088 31.3137 2.4
    endloop
  endfacet
  facet normal 0 0 -1
    outer loop
      vertex -42.2 29.4 2.4
      vertex -42.4088 31.3137 2.4
      vertex -42.2 31.3 2.4
    endloop
  endfacet
  facet normal 0.0654031 -0.997859 0
    outer loop
      vertex -42.2 29.4 2.4
      vertex -41.7432 29.4299 2.4
      vertex -41.7432 29.4299 9.4
    endloop
  endfacet
  facet normal 0.0654031 -0.997859 0
    outer loop
      vertex -42.2 29.4 2.4
      vertex -41.7432 29.4299 9.4
      vertex -42.2 29.4 9.4
    endloop
  endfacet
  facet normal -0.0654031 0.997859 0
    outer loop
      vertex -41.9912 31.3137 2.4
      vertex -42.2 31.3 2.4
      vertex -42.2 31.3 9.4
    endloop
  endfacet
  facet normal -0.0654031 0.997859 0
    outer loop
      vertex -41.9912 31.3137 2.4
      vertex -42.2 31.3 9.4
      vertex -41.9912 31.3137 9.4
    endloop
  endfacet
  facet normal 0 0 1
    outer loop
      vertex -42.2 29.4 9.4
      vertex -41.7432 29.4299 9.4
      vertex -41.9912 31.3137 9.4
    endloop
  endfacet
  facet normal 0 0 1
    outer loop
      vertex -42.2 29.4 9.4
      vertex -41.9912 31.3137 9.4
      vertex -42.2 31.3 9.4
    endloop
  endfacet
  facet normal -0 0 -1
    outer loop
      vertex -41.7432 29.4299 2.4
      vertex -42.2 29.4 2.4
      vertex -42.2 31.3 2.4
    endloop
  endfacet
  facet normal 0 0 -1
    outer loop
      vertex -41.7432 29.4299 2.4
      vertex -42.2 31.3 2.4
      vertex -41.9912 31.3137 2.4
    endloop
  endfacet
  facet normal 0.19509 -0.980785 0
    outer loop
      vertex -41.7432 29.4299 2.4
      vertex -41.2941 29.5193 2.4
      vertex -41.2941 29.5193 9.4
    endloop
  endfacet
  facet normal 0.19509 -0.980785 0
    outer loop
      vertex -41.7432 29.4299 2.4
      vertex -41.2941 29.5193 9.4
      vertex -41.7432 29.4299 9.4
    endloop
  endfacet
  facet normal -0.19509 0.980785 0
    outer loop
      vertex -41.7859 31.3545 2.4
      vertex -41.9912 31.3137 2.4
      vertex -41.9912 31.3137 9.4
    endloop
  endfacet
  facet normal -0.19509 0.980785 0
    outer loop
      vertex -41.7859 31.3545 2.4
      vertex -41.9912 31.3137 9.4
      vertex -41.7859 31.3545 9.4
    endloop
  endfacet
  facet normal 0 -0 1
    outer loop
      vertex -41.7432 29.4299 9.4
      vertex -41.2941 29.5193 9.4
      vertex -41.7859 31.3545 9.4
    endloop
  endfacet
  facet normal 0 0 1
    outer loop
      vertex -41.7432 29.4299 9.4
      vertex -41.7859 31.3545 9.4
      vertex -41.9912 31.3137 9.4
    endloop
  endfacet
  facet normal -0 0 -1
    outer loop
      vertex -41.2941 29.5193 2.4
      vertex -41.7432 29.4299 2.4
      vertex -41.9912 31.3137 2.4
    endloop
  endfacet
  facet normal 0 0 -1
    outer loop
      vertex -41.2941 29.5193 2.4
      vertex -41.9912 31.3137 2.4
      vertex -41.7859 31.3545 2.4
    endloop
  endfacet
  facet normal 0.321439 -0.94693 0
    outer loop
      vertex -41.2941 29.5193 2.4
      vertex -40.8606 29.6664 2.4
      vertex -40.8606 29.6664 9.4
    endloop
  endfacet
  facet normal 0.321439 -0.94693 0
    outer loop
      vertex -41.2941 29.5193 2.4
      vertex -40.8606 29.6664 9.4
      vertex -41.2941 29.5193 9.4
    endloop
  endfacet
  facet normal -0.321439 0.94693 0
    outer loop
      vertex -41.5877 31.4218 2.4
      vertex -41.7859 31.3545 2.4
      vertex -41.7859 31.3545 9.4
    endloop
  endfacet
  facet normal -0.321439 0.94693 0
    outer loop
      vertex -41.5877 31.4218 2.4
      vertex -41.7859 31.3545 9.4
      vertex -41.5877 31.4218 9.4
    endloop
  endfacet
  facet normal 0 -0 1
    outer loop
      vertex -41.2941 29.5193 9.4
      vertex -40.8606 29.6664 9.4
      vertex -41.5877 31.4218 9.4
    endloop
  endfacet
  facet normal 0 0 1
    outer loop
      vertex -41.2941 29.5193 9.4
      vertex -41.5877 31.4218 9.4
      vertex -41.7859 31.3545 9.4
    endloop
  endfacet
  facet normal -0 0 -1
    outer loop
      vertex -40.8606 29.6664 2.4
      vertex -41.2941 29.5193 2.4
      vertex -41.7859 31.3545 2.4
    endloop
  endfacet
  facet normal 0 0 -1
    outer loop
      vertex -40.8606 29.6664 2.4
      vertex -41.7859 31.3545 2.4
      vertex -41.5877 31.4218 2.4
    endloop
  endfacet
  facet normal 0.442289 -0.896873 0
    outer loop
      vertex -40.8606 29.6664 2.4
      vertex -40.45 29.8689 2.4
      vertex -40.45 29.8689 9.4
    endloop
  endfacet
  facet normal 0.442289 -0.896873 0
    outer loop
      vertex -40.8606 29.6664 2.4
      vertex -40.45 29.8689 9.4
      vertex -40.8606 29.6664 9.4
    endloop
  endfacet
  facet normal -0.442289 0.896873 0
    outer loop
      vertex -41.4 31.5144 2.4
      vertex -41.5877 31.4218 2.4
      vertex -41.5877 31.4218 9.4
    endloop
  endfacet
  facet normal -0.442289 0.896873 0
    outer loop
      vertex -41.4 31.5144 2.4
      vertex -41.5877 31.4218 9.4
      vertex -41.4 31.5144 9.4
    endloop
  endfacet
  facet normal 0 -0 1
    outer loop
      vertex -40.8606 29.6664 9.4
      vertex -40.45 29.8689 9.4
      vertex -41.4 31.5144 9.4
    endloop
  endfacet
  facet normal 0 0 1
    outer loop
      vertex -40.8606 29.6664 9.4
      vertex -41.4 31.5144 9.4
      vertex -41.5877 31.4218 9.4
    endloop
  endfacet
  facet normal -0 0 -1
    outer loop
      vertex -40.45 29.8689 2.4
      vertex -40.8606 29.6664 2.4
      vertex -41.5877 31.4218 2.4
    endloop
  endfacet
  facet normal 0 0 -1
    outer loop
      vertex -40.45 29.8689 2.4
      vertex -41.5877 31.4218 2.4
      vertex -41.4 31.5144 2.4
    endloop
  endfacet
  facet normal 0.55557 -0.83147 0
    outer loop
      vertex -40.45 29.8689 2.4
      vertex -40.0693 30.1233 2.4
      vertex -40.0693 30.1233 9.4
    endloop
  endfacet
  facet normal 0.55557 -0.83147 0
    outer loop
      vertex -40.45 29.8689 2.4
      vertex -40.0693 30.1233 9.4
      vertex -40.45 29.8689 9.4
    endloop
  endfacet
  facet normal -0.55557 0.83147 0
    outer loop
      vertex -41.226 31.6306 2.4
      vertex -41.4 31.5144 2.4
      vertex -41.4 31.5144 9.4
    endloop
  endfacet
  facet normal -0.55557 0.83147 0
    outer loop
      vertex -41.226 31.6306 2.4
      vertex -41.4 31.5144 9.4
      vertex -41.226 31.6306 9.4
    endloop
  endfacet
  facet normal 0 -0 1
    outer loop
      vertex -40.45 29.8689 9.4
      vertex -40.0693 30.1233 9.4
      vertex -41.226 31.6306 9.4
    endloop
  endfacet
  facet normal 0 0 1
    outer loop
      vertex -40.45 29.8689 9.4
      vertex -41.226 31.6306 9.4
      vertex -41.4 31.5144 9.4
    endloop
  endfacet
  facet normal -0 0 -1
    outer loop
      vertex -40.0693 30.1233 2.4
      vertex -40.45 29.8689 2.4
      vertex -41.4 31.5144 2.4
    endloop
  endfacet
  facet normal 0 0 -1
    outer loop
      vertex -40.0693 30.1233 2.4
      vertex -41.4 31.5144 2.4
      vertex -41.226 31.6306 2.4
    endloop
  endfacet
  facet normal 0.659346 -0.75184 0
    outer loop
      vertex -40.0693 30.1233 2.4
      vertex -39.7251 30.4251 2.4
      vertex -39.7251 30.4251 9.4
    endloop
  endfacet
  facet normal 0.659346 -0.75184 0
    outer loop
      vertex -40.0693 30.1233 2.4
      vertex -39.7251 30.4251 9.4
      vertex -40.0693 30.1233 9.4
    endloop
  endfacet
  facet normal -0.659346 0.75184 0
    outer loop
      vertex -41.0686 31.7686 2.4
      vertex -41.226 31.6306 2.4
      vertex -41.226 31.6306 9.4
    endloop
  endfacet
  facet normal -0.659346 0.75184 0
    outer loop
      vertex -41.0686 31.7686 2.4
      vertex -41.226 31.6306 9.4
      vertex -41.0686 31.7686 9.4
    endloop
  endfacet
  facet normal 0 -0 1
    outer loop
      vertex -40.0693 30.1233 9.4
      vertex -39.7251 30.4251 9.4
      vertex -41.0686 31.7686 9.4
    endloop
  endfacet
  facet normal 0 0 1
    outer loop
      vertex -40.0693 30.1233 9.4
      vertex -41.0686 31.7686 9.4
      vertex -41.226 31.6306 9.4
    endloop
  endfacet
  facet normal -0 0 -1
    outer loop
      vertex -39.7251 30.4251 2.4
      vertex -40.0693 30.1233 2.4
      vertex -41.226 31.6306 2.4
    endloop
  endfacet
  facet normal 0 0 -1
    outer loop
      vertex -39.7251 30.4251 2.4
      vertex -41.226 31.6306 2.4
      vertex -41.0686 31.7686 2.4
    endloop
  endfacet
  facet normal 0.75184 -0.659346 0
    outer loop
      vertex -39.7251 30.4251 2.4
      vertex -39.4233 30.7693 2.4
      vertex -39.4233 30.7693 9.4
    endloop
  endfacet
  facet normal 0.75184 -0.659346 0
    outer loop
      vertex -39.7251 30.4251 2.4
      vertex -39.4233 30.7693 9.4
      vertex -39.7251 30.4251 9.4
    endloop
  endfacet
  facet normal -0.75184 0.659346 0
    outer loop
      vertex -40.9306 31.926 2.4
      vertex -41.0686 31.7686 2.4
      vertex -41.0686 31.7686 9.4
    endloop
  endfacet
  facet normal -0.75184 0.659346 0
    outer loop
      vertex -40.9306 31.926 2.4
      vertex -41.0686 31.7686 9.4
      vertex -40.9306 31.926 9.4
    endloop
  endfacet
  facet normal 0 -0 1
    outer loop
      vertex -39.7251 30.4251 9.4
      vertex -39.4233 30.7693 9.4
      vertex -40.9306 31.926 9.4
    endloop
  endfacet
  facet normal 0 0 1
    outer loop
      vertex -39.7251 30.4251 9.4
      vertex -40.9306 31.926 9.4
      vertex -41.0686 31.7686 9.4
    endloop
  endfacet
  facet normal -0 0 -1
    outer loop
      vertex -39.4233 30.7693 2.4
      vertex -39.7251 30.4251 2.4
      vertex -41.0686 31.7686 2.4
    endloop
  endfacet
  facet normal 0 0 -1
    outer loop
      vertex -39.4233 30.7693 2.4
      vertex -41.0686 31.7686 2.4
      vertex -40.9306 31.926 2.4
    endloop
  endfacet
  facet normal 0.83147 -0.55557 0
    outer loop
      vertex -39.4233 30.7693 2.4
      vertex -39.1689 31.15 2.4
      vertex -39.1689 31.15 9.4
    endloop
  endfacet
  facet normal 0.83147 -0.55557 0
    outer loop
      vertex -39.4233 30.7693 2.4
      vertex -39.1689 31.15 9.4
      vertex -39.4233 30.7693 9.4
    endloop
  endfacet
  facet normal -0.83147 0.55557 0
    outer loop
      vertex -40.8144 32.1 2.4
      vertex -40.9306 31.926 2.4
      vertex -40.9306 31.926 9.4
    endloop
  endfacet
  facet normal -0.83147 0.55557 0
    outer loop
      vertex -40.8144 32.1 2.4
      vertex -40.9306 31.926 9.4
      vertex -40.8144 32.1 9.4
    endloop
  endfacet
  facet normal 0 -0 1
    outer loop
      vertex -39.4233 30.7693 9.4
      vertex -39.1689 31.15 9.4
      vertex -40.8144 32.1 9.4
    endloop
  endfacet
  facet normal 0 0 1
    outer loop
      vertex -39.4233 30.7693 9.4
      vertex -40.8144 32.1 9.4
      vertex -40.9306 31.926 9.4
    endloop
  endfacet
  facet normal -0 0 -1
    outer loop
      vertex -39.1689 31.15 2.4
      vertex -39.4233 30.7693 2.4
      vertex -40.9306 31.926 2.4
    endloop
  endfacet
  facet normal 0 0 -1
    outer loop
      vertex -39.1689 31.15 2.4
      vertex -40.9306 31.926 2.4
      vertex -40.8144 32.1 2.4
    endloop
  endfacet
  facet normal 0.896873 -0.442289 0
    outer loop
      vertex -39.1689 31.15 2.4
      vertex -38.9664 31.5606 2.4
      vertex -38.9664 31.5606 9.4
    endloop
  endfacet
  facet normal 0.896873 -0.442289 0
    outer loop
      vertex -39.1689 31.15 2.4
      vertex -38.9664 31.5606 9.4
      vertex -39.1689 31.15 9.4
    endloop
  endfacet
  facet normal -0.896873 0.442289 0
    outer loop
      vertex -40.7218 32.2877 2.4
      vertex -40.8144 32.1 2.4
      vertex -40.8144 32.1 9.4
    endloop
  endfacet
  facet normal -0.896873 0.442289 0
    outer loop
      vertex -40.7218 32.2877 2.4
      vertex -40.8144 32.1 9.4
      vertex -40.7218 32.2877 9.4
    endloop
  endfacet
  facet normal 0 -0 1
    outer loop
      vertex -39.1689 31.15 9.4
      vertex -38.9664 31.5606 9.4
      vertex -40.7218 32.2877 9.4
    endloop
  endfacet
  facet normal 0 0 1
    outer loop
      vertex -39.1689 31.15 9.4
      vertex -40.7218 32.2877 9.4
      vertex -40.8144 32.1 9.4
    endloop
  endfacet
  facet normal -0 0 -1
    outer loop
      vertex -38.9664 31.5606 2.4
      vertex -39.1689 31.15 2.4
      vertex -40.8144 32.1 2.4
    endloop
  endfacet
  facet normal 0 0 -1
    outer loop
      vertex -38.9664 31.5606 2.4
      vertex -40.8144 32.1 2.4
      vertex -40.7218 32.2877 2.4
    endloop
  endfacet
  facet normal 0.94693 -0.321439 0
    outer loop
      vertex -38.9664 31.5606 2.4
      vertex -38.8193 31.9941 2.4
      vertex -38.8193 31.9941 9.4
    endloop
  endfacet
  facet normal 0.94693 -0.321439 0
    outer loop
      vertex -38.9664 31.5606 2.4
      vertex -38.8193 31.9941 9.4
      vertex -38.9664 31.5606 9.4
    endloop
  endfacet
  facet normal -0.94693 0.321439 0
    outer loop
      vertex -40.6545 32.4859 2.4
      vertex -40.7218 32.2877 2.4
      vertex -40.7218 32.2877 9.4
    endloop
  endfacet
  facet normal -0.94693 0.321439 0
    outer loop
      vertex -40.6545 32.4859 2.4
      vertex -40.7218 32.2877 9.4
      vertex -40.6545 32.4859 9.4
    endloop
  endfacet
  facet normal 0 -0 1
    outer loop
      vertex -38.9664 31.5606 9.4
      vertex -38.8193 31.9941 9.4
      vertex -40.6545 32.4859 9.4
    endloop
  endfacet
  facet normal 0 0 1
    outer loop
      vertex -38.9664 31.5606 9.4
      vertex -40.6545 32.4859 9.4
      vertex -40.7218 32.2877 9.4
    endloop
  endfacet
  facet normal -0 0 -1
    outer loop
      vertex -38.8193 31.9941 2.4
      vertex -38.9664 31.5606 2.4
      vertex -40.7218 32.2877 2.4
    endloop
  endfacet
  facet normal 0 0 -1
    outer loop
      vertex -38.8193 31.9941 2.4
      vertex -40.7218 32.2877 2.4
      vertex -40.6545 32.4859 2.4
    endloop
  endfacet
  facet normal 0.980785 -0.19509 0
    outer loop
      vertex -38.8193 31.9941 2.4
      vertex -38.7299 32.4432 2.4
      vertex -38.7299 32.4432 9.4
    endloop
  endfacet
  facet normal 0.980785 -0.19509 0
    outer loop
      vertex -38.8193 31.9941 2.4
      vertex -38.7299 32.4432 9.4
      vertex -38.8193 31.9941 9.4
    endloop
  endfacet
  facet normal -0.980785 0.19509 0
    outer loop
      vertex -40.6137 32.6912 2.4
      vertex -40.6545 32.4859 2.4
      vertex -40.6545 32.4859 9.4
    endloop
  endfacet
  facet normal -0.980785 0.19509 0
    outer loop
      vertex -40.6137 32.6912 2.4
      vertex -40.6545 32.4859 9.4
      vertex -40.6137 32.6912 9.4
    endloop
  endfacet
  facet normal 0 -0 1
    outer loop
      vertex -38.8193 31.9941 9.4
      vertex -38.7299 32.4432 9.4
      vertex -40.6137 32.6912 9.4
    endloop
  endfacet
  facet normal 0 0 1
    outer loop
      vertex -38.8193 31.9941 9.4
      vertex -40.6137 32.6912 9.4
      vertex -40.6545 32.4859 9.4
    endloop
  endfacet
  facet normal -0 0 -1
    outer loop
      vertex -38.7299 32.4432 2.4
      vertex -38.8193 31.9941 2.4
      vertex -40.6545 32.4859 2.4
    endloop
  endfacet
  facet normal 0 0 -1
    outer loop
      vertex -38.7299 32.4432 2.4
      vertex -40.6545 32.4859 2.4
      vertex -40.6137 32.6912 2.4
    endloop
  endfacet
  facet normal 0.997859 -0.0654031 0
    outer loop
      vertex -38.7299 32.4432 2.4
      vertex -38.7 32.9 2.4
      vertex -38.7 32.9 9.4
    endloop
  endfacet
  facet normal 0.997859 -0.0654031 0
    outer loop
      vertex -38.7299 32.4432 2.4
      vertex -38.7 32.9 9.4
      vertex -38.7299 32.4432 9.4
    endloop
  endfacet
  facet normal -0.997859 0.0654031 0
    outer loop
      vertex -40.6 32.9 2.4
      vertex -40.6137 32.6912 2.4
      vertex -40.6137 32.6912 9.4
    endloop
  endfacet
  facet normal -0.997859 0.0654031 0
    outer loop
      vertex -40.6 32.9 2.4
      vertex -40.6137 32.6912 9.4
      vertex -40.6 32.9 9.4
    endloop
  endfacet
  facet normal 0 -0 1
    outer loop
      vertex -38.7299 32.4432 9.4
      vertex -38.7 32.9 9.4
      vertex -40.6 32.9 9.4
    endloop
  endfacet
  facet normal 0 0 1
    outer loop
      vertex -38.7299 32.4432 9.4
      vertex -40.6 32.9 9.4
      vertex -40.6137 32.6912 9.4
    endloop
  endfacet
  facet normal 0 0 -1
    outer loop
      vertex -38.7 32.9 2.4
      vertex -38.7299 32.4432 2.4
      vertex -40.6137 32.6912 2.4
    endloop
  endfacet
  facet normal -0 0 -1
    outer loop
      vertex -38.7 32.9 2.4
      vertex -40.6137 32.6912 2.4
      vertex -40.6 32.9 2.4
    endloop
  endfacet
  facet normal 0.997859 0.0654031 0
    outer loop
      vertex 45.7 -32.9 2.4
      vertex 45.6701 -32.4432 2.4
      vertex 45.6701 -32.4432 9.4
    endloop
  endfacet
  facet normal 0.997859 0.0654031 -0
    outer loop
      vertex 45.7 -32.9 2.4
      vertex 45.6701 -32.4432 9.4
      vertex 45.7 -32.9 9.4
    endloop
  endfacet
  facet normal -0.997859 -0.0654031 0
    outer loop
      vertex 43.7863 -32.6912 2.4
      vertex 43.8 -32.9 2.4
      vertex 43.8 -32.9 9.4
    endloop
  endfacet
  facet normal -0.997859 -0.0654031 0
    outer loop
      vertex 43.7863 -32.6912 2.4
      vertex 43.8 -32.9 9.4
      vertex 43.7863 -32.6912 9.4
    endloop
  endfacet
  facet normal 0 0 1
    outer loop
      vertex 45.7 -32.9 9.4
      vertex 45.6701 -32.4432 9.4
      vertex 43.7863 -32.6912 9.4
    endloop
  endfacet
  facet normal 0 0 1
    outer loop
      vertex 45.7 -32.9 9.4
      vertex 43.7863 -32.6912 9.4
      vertex 43.8 -32.9 9.4
    endloop
  endfacet
  facet normal 0 -0 -1
    outer loop
      vertex 45.6701 -32.4432 2.4
      vertex 45.7 -32.9 2.4
      vertex 43.8 -32.9 2.4
    endloop
  endfacet
  facet normal 0 0 -1
    outer loop
      vertex 45.6701 -32.4432 2.4
      vertex 43.8 -32.9 2.4
      vertex 43.7863 -32.6912 2.4
    endloop
  endfacet
  facet normal 0.980785 0.19509 0
    outer loop
      vertex 45.6701 -32.4432 2.4
      vertex 45.5807 -31.9941 2.4
      vertex 45.5807 -31.9941 9.4
    endloop
  endfacet
  facet normal 0.980785 0.19509 -0
    outer loop
      vertex 45.6701 -32.4432 2.4
      vertex 45.5807 -31.9941 9.4
      vertex 45.6701 -32.4432 9.4
    endloop
  endfacet
  facet normal -0.980785 -0.19509 0
    outer loop
      vertex 43.7455 -32.4859 2.4
      vertex 43.7863 -32.6912 2.4
      vertex 43.7863 -32.6912 9.4
    endloop
  endfacet
  facet normal -0.980785 -0.19509 0
    outer loop
      vertex 43.7455 -32.4859 2.4
      vertex 43.7863 -32.6912 9.4
      vertex 43.7455 -32.4859 9.4
    endloop
  endfacet
  facet normal 0 0 1
    outer loop
      vertex 45.6701 -32.4432 9.4
      vertex 45.5807 -31.9941 9.4
      vertex 43.7455 -32.4859 9.4
    endloop
  endfacet
  facet normal 0 0 1
    outer loop
      vertex 45.6701 -32.4432 9.4
      vertex 43.7455 -32.4859 9.4
      vertex 43.7863 -32.6912 9.4
    endloop
  endfacet
  facet normal 0 -0 -1
    outer loop
      vertex 45.5807 -31.9941 2.4
      vertex 45.6701 -32.4432 2.4
      vertex 43.7863 -32.6912 2.4
    endloop
  endfacet
  facet normal 0 0 -1
    outer loop
      vertex 45.5807 -31.9941 2.4
      vertex 43.7863 -32.6912 2.4
      vertex 43.7455 -32.4859 2.4
    endloop
  endfacet
  facet normal 0.94693 0.321439 0
    outer loop
      vertex 45.5807 -31.9941 2.4
      vertex 45.4336 -31.5606 2.4
      vertex 45.4336 -31.5606 9.4
    endloop
  endfacet
  facet normal 0.94693 0.321439 -0
    outer loop
      vertex 45.5807 -31.9941 2.4
      vertex 45.4336 -31.5606 9.4
      vertex 45.5807 -31.9941 9.4
    endloop
  endfacet
  facet normal -0.94693 -0.321439 0
    outer loop
      vertex 43.6782 -32.2877 2.4
      vertex 43.7455 -32.4859 2.4
      vertex 43.7455 -32.4859 9.4
    endloop
  endfacet
  facet normal -0.94693 -0.321439 0
    outer loop
      vertex 43.6782 -32.2877 2.4
      vertex 43.7455 -32.4859 9.4
      vertex 43.6782 -32.2877 9.4
    endloop
  endfacet
  facet normal 0 0 1
    outer loop
      vertex 45.5807 -31.9941 9.4
      vertex 45.4336 -31.5606 9.4
      vertex 43.6782 -32.2877 9.4
    endloop
  endfacet
  facet normal 0 0 1
    outer loop
      vertex 45.5807 -31.9941 9.4
      vertex 43.6782 -32.2877 9.4
      vertex 43.7455 -32.4859 9.4
    endloop
  endfacet
  facet normal 0 -0 -1
    outer loop
      vertex 45.4336 -31.5606 2.4
      vertex 45.5807 -31.9941 2.4
      vertex 43.7455 -32.4859 2.4
    endloop
  endfacet
  facet normal 0 0 -1
    outer loop
      vertex 45.4336 -31.5606 2.4
      vertex 43.7455 -32.4859 2.4
      vertex 43.6782 -32.2877 2.4
    endloop
  endfacet
  facet normal 0.896873 0.442289 0
    outer loop
      vertex 45.4336 -31.5606 2.4
      vertex 45.2311 -31.15 2.4
      vertex 45.2311 -31.15 9.4
    endloop
  endfacet
  facet normal 0.896873 0.442289 -0
    outer loop
      vertex 45.4336 -31.5606 2.4
      vertex 45.2311 -31.15 9.4
      vertex 45.4336 -31.5606 9.4
    endloop
  endfacet
  facet normal -0.896873 -0.442289 0
    outer loop
      vertex 43.5856 -32.1 2.4
      vertex 43.6782 -32.2877 2.4
      vertex 43.6782 -32.2877 9.4
    endloop
  endfacet
  facet normal -0.896873 -0.442289 0
    outer loop
      vertex 43.5856 -32.1 2.4
      vertex 43.6782 -32.2877 9.4
      vertex 43.5856 -32.1 9.4
    endloop
  endfacet
  facet normal 0 0 1
    outer loop
      vertex 45.4336 -31.5606 9.4
      vertex 45.2311 -31.15 9.4
      vertex 43.5856 -32.1 9.4
    endloop
  endfacet
  facet normal 0 0 1
    outer loop
      vertex 45.4336 -31.5606 9.4
      vertex 43.5856 -32.1 9.4
      vertex 43.6782 -32.2877 9.4
    endloop
  endfacet
  facet normal 0 -0 -1
    outer loop
      vertex 45.2311 -31.15 2.4
      vertex 45.4336 -31.5606 2.4
      vertex 43.6782 -32.2877 2.4
    endloop
  endfacet
  facet normal 0 0 -1
    outer loop
      vertex 45.2311 -31.15 2.4
      vertex 43.6782 -32.2877 2.4
      vertex 43.5856 -32.1 2.4
    endloop
  endfacet
  facet normal 0.83147 0.55557 0
    outer loop
      vertex 45.2311 -31.15 2.4
      vertex 44.9767 -30.7693 2.4
      vertex 44.9767 -30.7693 9.4
    endloop
  endfacet
  facet normal 0.83147 0.55557 -0
    outer loop
      vertex 45.2311 -31.15 2.4
      vertex 44.9767 -30.7693 9.4
      vertex 45.2311 -31.15 9.4
    endloop
  endfacet
  facet normal -0.83147 -0.55557 0
    outer loop
      vertex 43.4694 -31.926 2.4
      vertex 43.5856 -32.1 2.4
      vertex 43.5856 -32.1 9.4
    endloop
  endfacet
  facet normal -0.83147 -0.55557 0
    outer loop
      vertex 43.4694 -31.926 2.4
      vertex 43.5856 -32.1 9.4
      vertex 43.4694 -31.926 9.4
    endloop
  endfacet
  facet normal 0 0 1
    outer loop
      vertex 45.2311 -31.15 9.4
      vertex 44.9767 -30.7693 9.4
      vertex 43.4694 -31.926 9.4
    endloop
  endfacet
  facet normal 0 0 1
    outer loop
      vertex 45.2311 -31.15 9.4
      vertex 43.4694 -31.926 9.4
      vertex 43.5856 -32.1 9.4
    endloop
  endfacet
  facet normal 0 -0 -1
    outer loop
      vertex 44.9767 -30.7693 2.4
      vertex 45.2311 -31.15 2.4
      vertex 43.5856 -32.1 2.4
    endloop
  endfacet
  facet normal 0 0 -1
    outer loop
      vertex 44.9767 -30.7693 2.4
      vertex 43.5856 -32.1 2.4
      vertex 43.4694 -31.926 2.4
    endloop
  endfacet
  facet normal 0.75184 0.659346 0
    outer loop
      vertex 44.9767 -30.7693 2.4
      vertex 44.6749 -30.4251 2.4
      vertex 44.6749 -30.4251 9.4
    endloop
  endfacet
  facet normal 0.75184 0.659346 -0
    outer loop
      vertex 44.9767 -30.7693 2.4
      vertex 44.6749 -30.4251 9.4
      vertex 44.9767 -30.7693 9.4
    endloop
  endfacet
  facet normal -0.75184 -0.659346 0
    outer loop
      vertex 43.3314 -31.7686 2.4
      vertex 43.4694 -31.926 2.4
      vertex 43.4694 -31.926 9.4
    endloop
  endfacet
  facet normal -0.75184 -0.659346 0
    outer loop
      vertex 43.3314 -31.7686 2.4
      vertex 43.4694 -31.926 9.4
      vertex 43.3314 -31.7686 9.4
    endloop
  endfacet
  facet normal 0 0 1
    outer loop
      vertex 44.9767 -30.7693 9.4
      vertex 44.6749 -30.4251 9.4
      vertex 43.3314 -31.7686 9.4
    endloop
  endfacet
  facet normal 0 0 1
    outer loop
      vertex 44.9767 -30.7693 9.4
      vertex 43.3314 -31.7686 9.4
      vertex 43.4694 -31.926 9.4
    endloop
  endfacet
  facet normal 0 -0 -1
    outer loop
      vertex 44.6749 -30.4251 2.4
      vertex 44.9767 -30.7693 2.4
      vertex 43.4694 -31.926 2.4
    endloop
  endfacet
  facet normal 0 0 -1
    outer loop
      vertex 44.6749 -30.4251 2.4
      vertex 43.4694 -31.926 2.4
      vertex 43.3314 -31.7686 2.4
    endloop
  endfacet
  facet normal 0.659346 0.75184 0
    outer loop
      vertex 44.6749 -30.4251 2.4
      vertex 44.3307 -30.1233 2.4
      vertex 44.3307 -30.1233 9.4
    endloop
  endfacet
  facet normal 0.659346 0.75184 -0
    outer loop
      vertex 44.6749 -30.4251 2.4
      vertex 44.3307 -30.1233 9.4
      vertex 44.6749 -30.4251 9.4
    endloop
  endfacet
  facet normal -0.659346 -0.75184 0
    outer loop
      vertex 43.174 -31.6306 2.4
      vertex 43.3314 -31.7686 2.4
      vertex 43.3314 -31.7686 9.4
    endloop
  endfacet
  facet normal -0.659346 -0.75184 0
    outer loop
      vertex 43.174 -31.6306 2.4
      vertex 43.3314 -31.7686 9.4
      vertex 43.174 -31.6306 9.4
    endloop
  endfacet
  facet normal 0 0 1
    outer loop
      vertex 44.6749 -30.4251 9.4
      vertex 44.3307 -30.1233 9.4
      vertex 43.174 -31.6306 9.4
    endloop
  endfacet
  facet normal 0 0 1
    outer loop
      vertex 44.6749 -30.4251 9.4
      vertex 43.174 -31.6306 9.4
      vertex 43.3314 -31.7686 9.4
    endloop
  endfacet
  facet normal 0 -0 -1
    outer loop
      vertex 44.3307 -30.1233 2.4
      vertex 44.6749 -30.4251 2.4
      vertex 43.3314 -31.7686 2.4
    endloop
  endfacet
  facet normal 0 0 -1
    outer loop
      vertex 44.3307 -30.1233 2.4
      vertex 43.3314 -31.7686 2.4
      vertex 43.174 -31.6306 2.4
    endloop
  endfacet
  facet normal 0.55557 0.83147 0
    outer loop
      vertex 44.3307 -30.1233 2.4
      vertex 43.95 -29.8689 2.4
      vertex 43.95 -29.8689 9.4
    endloop
  endfacet
  facet normal 0.55557 0.83147 -0
    outer loop
      vertex 44.3307 -30.1233 2.4
      vertex 43.95 -29.8689 9.4
      vertex 44.3307 -30.1233 9.4
    endloop
  endfacet
  facet normal -0.55557 -0.83147 0
    outer loop
      vertex 43 -31.5144 2.4
      vertex 43.174 -31.6306 2.4
      vertex 43.174 -31.6306 9.4
    endloop
  endfacet
  facet normal -0.55557 -0.83147 0
    outer loop
      vertex 43 -31.5144 2.4
      vertex 43.174 -31.6306 9.4
      vertex 43 -31.5144 9.4
    endloop
  endfacet
  facet normal 0 0 1
    outer loop
      vertex 44.3307 -30.1233 9.4
      vertex 43.95 -29.8689 9.4
      vertex 43 -31.5144 9.4
    endloop
  endfacet
  facet normal 0 0 1
    outer loop
      vertex 44.3307 -30.1233 9.4
      vertex 43 -31.5144 9.4
      vertex 43.174 -31.6306 9.4
    endloop
  endfacet
  facet normal 0 -0 -1
    outer loop
      vertex 43.95 -29.8689 2.4
      vertex 44.3307 -30.1233 2.4
      vertex 43.174 -31.6306 2.4
    endloop
  endfacet
  facet normal 0 0 -1
    outer loop
      vertex 43.95 -29.8689 2.4
      vertex 43.174 -31.6306 2.4
      vertex 43 -31.5144 2.4
    endloop
  endfacet
  facet normal 0.442289 0.896873 0
    outer loop
      vertex 43.95 -29.8689 2.4
      vertex 43.5394 -29.6664 2.4
      vertex 43.5394 -29.6664 9.4
    endloop
  endfacet
  facet normal 0.442289 0.896873 -0
    outer loop
      vertex 43.95 -29.8689 2.4
      vertex 43.5394 -29.6664 9.4
      vertex 43.95 -29.8689 9.4
    endloop
  endfacet
  facet normal -0.442289 -0.896873 0
    outer loop
      vertex 42.8123 -31.4218 2.4
      vertex 43 -31.5144 2.4
      vertex 43 -31.5144 9.4
    endloop
  endfacet
  facet normal -0.442289 -0.896873 0
    outer loop
      vertex 42.8123 -31.4218 2.4
      vertex 43 -31.5144 9.4
      vertex 42.8123 -31.4218 9.4
    endloop
  endfacet
  facet normal 0 0 1
    outer loop
      vertex 43.95 -29.8689 9.4
      vertex 43.5394 -29.6664 9.4
      vertex 42.8123 -31.4218 9.4
    endloop
  endfacet
  facet normal 0 0 1
    outer loop
      vertex 43.95 -29.8689 9.4
      vertex 42.8123 -31.4218 9.4
      vertex 43 -31.5144 9.4
    endloop
  endfacet
  facet normal 0 -0 -1
    outer loop
      vertex 43.5394 -29.6664 2.4
      vertex 43.95 -29.8689 2.4
      vertex 43 -31.5144 2.4
    endloop
  endfacet
  facet normal 0 0 -1
    outer loop
      vertex 43.5394 -29.6664 2.4
      vertex 43 -31.5144 2.4
      vertex 42.8123 -31.4218 2.4
    endloop
  endfacet
  facet normal 0.321439 0.94693 0
    outer loop
      vertex 43.5394 -29.6664 2.4
      vertex 43.1059 -29.5193 2.4
      vertex 43.1059 -29.5193 9.4
    endloop
  endfacet
  facet normal 0.321439 0.94693 -0
    outer loop
      vertex 43.5394 -29.6664 2.4
      vertex 43.1059 -29.5193 9.4
      vertex 43.5394 -29.6664 9.4
    endloop
  endfacet
  facet normal -0.321439 -0.94693 0
    outer loop
      vertex 42.6141 -31.3545 2.4
      vertex 42.8123 -31.4218 2.4
      vertex 42.8123 -31.4218 9.4
    endloop
  endfacet
  facet normal -0.321439 -0.94693 0
    outer loop
      vertex 42.6141 -31.3545 2.4
      vertex 42.8123 -31.4218 9.4
      vertex 42.6141 -31.3545 9.4
    endloop
  endfacet
  facet normal 0 0 1
    outer loop
      vertex 43.5394 -29.6664 9.4
      vertex 43.1059 -29.5193 9.4
      vertex 42.6141 -31.3545 9.4
    endloop
  endfacet
  facet normal 0 0 1
    outer loop
      vertex 43.5394 -29.6664 9.4
      vertex 42.6141 -31.3545 9.4
      vertex 42.8123 -31.4218 9.4
    endloop
  endfacet
  facet normal 0 -0 -1
    outer loop
      vertex 43.1059 -29.5193 2.4
      vertex 43.5394 -29.6664 2.4
      vertex 42.8123 -31.4218 2.4
    endloop
  endfacet
  facet normal 0 0 -1
    outer loop
      vertex 43.1059 -29.5193 2.4
      vertex 42.8123 -31.4218 2.4
      vertex 42.6141 -31.3545 2.4
    endloop
  endfacet
  facet normal 0.19509 0.980785 0
    outer loop
      vertex 43.1059 -29.5193 2.4
      vertex 42.6568 -29.4299 2.4
      vertex 42.6568 -29.4299 9.4
    endloop
  endfacet
  facet normal 0.19509 0.980785 -0
    outer loop
      vertex 43.1059 -29.5193 2.4
      vertex 42.6568 -29.4299 9.4
      vertex 43.1059 -29.5193 9.4
    endloop
  endfacet
  facet normal -0.19509 -0.980785 0
    outer loop
      vertex 42.4088 -31.3137 2.4
      vertex 42.6141 -31.3545 2.4
      vertex 42.6141 -31.3545 9.4
    endloop
  endfacet
  facet normal -0.19509 -0.980785 0
    outer loop
      vertex 42.4088 -31.3137 2.4
      vertex 42.6141 -31.3545 9.4
      vertex 42.4088 -31.3137 9.4
    endloop
  endfacet
  facet normal 0 0 1
    outer loop
      vertex 43.1059 -29.5193 9.4
      vertex 42.6568 -29.4299 9.4
      vertex 42.4088 -31.3137 9.4
    endloop
  endfacet
  facet normal 0 0 1
    outer loop
      vertex 43.1059 -29.5193 9.4
      vertex 42.4088 -31.3137 9.4
      vertex 42.6141 -31.3545 9.4
    endloop
  endfacet
  facet normal 0 -0 -1
    outer loop
      vertex 42.6568 -29.4299 2.4
      vertex 43.1059 -29.5193 2.4
      vertex 42.6141 -31.3545 2.4
    endloop
  endfacet
  facet normal 0 0 -1
    outer loop
      vertex 42.6568 -29.4299 2.4
      vertex 42.6141 -31.3545 2.4
      vertex 42.4088 -31.3137 2.4
    endloop
  endfacet
  facet normal 0.0654031 0.997859 0
    outer loop
      vertex 42.6568 -29.4299 2.4
      vertex 42.2 -29.4 2.4
      vertex 42.2 -29.4 9.4
    endloop
  endfacet
  facet normal 0.0654031 0.997859 -0
    outer loop
      vertex 42.6568 -29.4299 2.4
      vertex 42.2 -29.4 9.4
      vertex 42.6568 -29.4299 9.4
    endloop
  endfacet
  facet normal -0.0654031 -0.997859 0
    outer loop
      vertex 42.2 -31.3 2.4
      vertex 42.4088 -31.3137 2.4
      vertex 42.4088 -31.3137 9.4
    endloop
  endfacet
  facet normal -0.0654031 -0.997859 0
    outer loop
      vertex 42.2 -31.3 2.4
      vertex 42.4088 -31.3137 9.4
      vertex 42.2 -31.3 9.4
    endloop
  endfacet
  facet normal 0 0 1
    outer loop
      vertex 42.6568 -29.4299 9.4
      vertex 42.2 -29.4 9.4
      vertex 42.2 -31.3 9.4
    endloop
  endfacet
  facet normal 0 0 1
    outer loop
      vertex 42.6568 -29.4299 9.4
      vertex 42.2 -31.3 9.4
      vertex 42.4088 -31.3137 9.4
    endloop
  endfacet
  facet normal 0 0 -1
    outer loop
      vertex 42.2 -29.4 2.4
      vertex 42.6568 -29.4299 2.4
      vertex 42.4088 -31.3137 2.4
    endloop
  endfacet
  facet normal 0 0 -1
    outer loop
      vertex 42.2 -29.4 2.4
      vertex 42.4088 -31.3137 2.4
      vertex 42.2 -31.3 2.4
    endloop
  endfacet
  facet normal -0.0654031 0.997859 0
    outer loop
      vertex 42.2 -29.4 2.4
      vertex 41.7432 -29.4299 2.4
      vertex 41.7432 -29.4299 9.4
    endloop
  endfacet
  facet normal -0.0654031 0.997859 0
    outer loop
      vertex 42.2 -29.4 2.4
      vertex 41.7432 -29.4299 9.4
      vertex 42.2 -29.4 9.4
    endloop
  endfacet
  facet normal 0.0654031 -0.997859 0
    outer loop
      vertex 41.9912 -31.3137 2.4
      vertex 42.2 -31.3 2.4
      vertex 42.2 -31.3 9.4
    endloop
  endfacet
  facet normal 0.0654031 -0.997859 0
    outer loop
      vertex 41.9912 -31.3137 2.4
      vertex 42.2 -31.3 9.4
      vertex 41.9912 -31.3137 9.4
    endloop
  endfacet
  facet normal 0 0 1
    outer loop
      vertex 42.2 -29.4 9.4
      vertex 41.7432 -29.4299 9.4
      vertex 41.9912 -31.3137 9.4
    endloop
  endfacet
  facet normal 0 0 1
    outer loop
      vertex 42.2 -29.4 9.4
      vertex 41.9912 -31.3137 9.4
      vertex 42.2 -31.3 9.4
    endloop
  endfacet
  facet normal 0 0 -1
    outer loop
      vertex 41.7432 -29.4299 2.4
      vertex 42.2 -29.4 2.4
      vertex 42.2 -31.3 2.4
    endloop
  endfacet
  facet normal 0 0 -1
    outer loop
      vertex 41.7432 -29.4299 2.4
      vertex 42.2 -31.3 2.4
      vertex 41.9912 -31.3137 2.4
    endloop
  endfacet
  facet normal -0.19509 0.980785 0
    outer loop
      vertex 41.7432 -29.4299 2.4
      vertex 41.2941 -29.5193 2.4
      vertex 41.2941 -29.5193 9.4
    endloop
  endfacet
  facet normal -0.19509 0.980785 0
    outer loop
      vertex 41.7432 -29.4299 2.4
      vertex 41.2941 -29.5193 9.4
      vertex 41.7432 -29.4299 9.4
    endloop
  endfacet
  facet normal 0.19509 -0.980785 0
    outer loop
      vertex 41.7859 -31.3545 2.4
      vertex 41.9912 -31.3137 2.4
      vertex 41.9912 -31.3137 9.4
    endloop
  endfacet
  facet normal 0.19509 -0.980785 0
    outer loop
      vertex 41.7859 -31.3545 2.4
      vertex 41.9912 -31.3137 9.4
      vertex 41.7859 -31.3545 9.4
    endloop
  endfacet
  facet normal 0 0 1
    outer loop
      vertex 41.7432 -29.4299 9.4
      vertex 41.2941 -29.5193 9.4
      vertex 41.7859 -31.3545 9.4
    endloop
  endfacet
  facet normal 0 0 1
    outer loop
      vertex 41.7432 -29.4299 9.4
      vertex 41.7859 -31.3545 9.4
      vertex 41.9912 -31.3137 9.4
    endloop
  endfacet
  facet normal 0 0 -1
    outer loop
      vertex 41.2941 -29.5193 2.4
      vertex 41.7432 -29.4299 2.4
      vertex 41.9912 -31.3137 2.4
    endloop
  endfacet
  facet normal 0 0 -1
    outer loop
      vertex 41.2941 -29.5193 2.4
      vertex 41.9912 -31.3137 2.4
      vertex 41.7859 -31.3545 2.4
    endloop
  endfacet
  facet normal -0.321439 0.94693 0
    outer loop
      vertex 41.2941 -29.5193 2.4
      vertex 40.8606 -29.6664 2.4
      vertex 40.8606 -29.6664 9.4
    endloop
  endfacet
  facet normal -0.321439 0.94693 0
    outer loop
      vertex 41.2941 -29.5193 2.4
      vertex 40.8606 -29.6664 9.4
      vertex 41.2941 -29.5193 9.4
    endloop
  endfacet
  facet normal 0.321439 -0.94693 0
    outer loop
      vertex 41.5877 -31.4218 2.4
      vertex 41.7859 -31.3545 2.4
      vertex 41.7859 -31.3545 9.4
    endloop
  endfacet
  facet normal 0.321439 -0.94693 0
    outer loop
      vertex 41.5877 -31.4218 2.4
      vertex 41.7859 -31.3545 9.4
      vertex 41.5877 -31.4218 9.4
    endloop
  endfacet
  facet normal 0 0 1
    outer loop
      vertex 41.2941 -29.5193 9.4
      vertex 40.8606 -29.6664 9.4
      vertex 41.5877 -31.4218 9.4
    endloop
  endfacet
  facet normal 0 0 1
    outer loop
      vertex 41.2941 -29.5193 9.4
      vertex 41.5877 -31.4218 9.4
      vertex 41.7859 -31.3545 9.4
    endloop
  endfacet
  facet normal 0 0 -1
    outer loop
      vertex 40.8606 -29.6664 2.4
      vertex 41.2941 -29.5193 2.4
      vertex 41.7859 -31.3545 2.4
    endloop
  endfacet
  facet normal 0 0 -1
    outer loop
      vertex 40.8606 -29.6664 2.4
      vertex 41.7859 -31.3545 2.4
      vertex 41.5877 -31.4218 2.4
    endloop
  endfacet
  facet normal -0.442289 0.896873 0
    outer loop
      vertex 40.8606 -29.6664 2.4
      vertex 40.45 -29.8689 2.4
      vertex 40.45 -29.8689 9.4
    endloop
  endfacet
  facet normal -0.442289 0.896873 0
    outer loop
      vertex 40.8606 -29.6664 2.4
      vertex 40.45 -29.8689 9.4
      vertex 40.8606 -29.6664 9.4
    endloop
  endfacet
  facet normal 0.442289 -0.896873 0
    outer loop
      vertex 41.4 -31.5144 2.4
      vertex 41.5877 -31.4218 2.4
      vertex 41.5877 -31.4218 9.4
    endloop
  endfacet
  facet normal 0.442289 -0.896873 0
    outer loop
      vertex 41.4 -31.5144 2.4
      vertex 41.5877 -31.4218 9.4
      vertex 41.4 -31.5144 9.4
    endloop
  endfacet
  facet normal 0 0 1
    outer loop
      vertex 40.8606 -29.6664 9.4
      vertex 40.45 -29.8689 9.4
      vertex 41.4 -31.5144 9.4
    endloop
  endfacet
  facet normal 0 0 1
    outer loop
      vertex 40.8606 -29.6664 9.4
      vertex 41.4 -31.5144 9.4
      vertex 41.5877 -31.4218 9.4
    endloop
  endfacet
  facet normal 0 0 -1
    outer loop
      vertex 40.45 -29.8689 2.4
      vertex 40.8606 -29.6664 2.4
      vertex 41.5877 -31.4218 2.4
    endloop
  endfacet
  facet normal 0 0 -1
    outer loop
      vertex 40.45 -29.8689 2.4
      vertex 41.5877 -31.4218 2.4
      vertex 41.4 -31.5144 2.4
    endloop
  endfacet
  facet normal -0.55557 0.83147 0
    outer loop
      vertex 40.45 -29.8689 2.4
      vertex 40.0693 -30.1233 2.4
      vertex 40.0693 -30.1233 9.4
    endloop
  endfacet
  facet normal -0.55557 0.83147 0
    outer loop
      vertex 40.45 -29.8689 2.4
      vertex 40.0693 -30.1233 9.4
      vertex 40.45 -29.8689 9.4
    endloop
  endfacet
  facet normal 0.55557 -0.83147 0
    outer loop
      vertex 41.226 -31.6306 2.4
      vertex 41.4 -31.5144 2.4
      vertex 41.4 -31.5144 9.4
    endloop
  endfacet
  facet normal 0.55557 -0.83147 0
    outer loop
      vertex 41.226 -31.6306 2.4
      vertex 41.4 -31.5144 9.4
      vertex 41.226 -31.6306 9.4
    endloop
  endfacet
  facet normal 0 0 1
    outer loop
      vertex 40.45 -29.8689 9.4
      vertex 40.0693 -30.1233 9.4
      vertex 41.226 -31.6306 9.4
    endloop
  endfacet
  facet normal 0 0 1
    outer loop
      vertex 40.45 -29.8689 9.4
      vertex 41.226 -31.6306 9.4
      vertex 41.4 -31.5144 9.4
    endloop
  endfacet
  facet normal 0 0 -1
    outer loop
      vertex 40.0693 -30.1233 2.4
      vertex 40.45 -29.8689 2.4
      vertex 41.4 -31.5144 2.4
    endloop
  endfacet
  facet normal 0 0 -1
    outer loop
      vertex 40.0693 -30.1233 2.4
      vertex 41.4 -31.5144 2.4
      vertex 41.226 -31.6306 2.4
    endloop
  endfacet
  facet normal -0.659346 0.75184 0
    outer loop
      vertex 40.0693 -30.1233 2.4
      vertex 39.7251 -30.4251 2.4
      vertex 39.7251 -30.4251 9.4
    endloop
  endfacet
  facet normal -0.659346 0.75184 0
    outer loop
      vertex 40.0693 -30.1233 2.4
      vertex 39.7251 -30.4251 9.4
      vertex 40.0693 -30.1233 9.4
    endloop
  endfacet
  facet normal 0.659346 -0.75184 0
    outer loop
      vertex 41.0686 -31.7686 2.4
      vertex 41.226 -31.6306 2.4
      vertex 41.226 -31.6306 9.4
    endloop
  endfacet
  facet normal 0.659346 -0.75184 0
    outer loop
      vertex 41.0686 -31.7686 2.4
      vertex 41.226 -31.6306 9.4
      vertex 41.0686 -31.7686 9.4
    endloop
  endfacet
  facet normal 0 0 1
    outer loop
      vertex 40.0693 -30.1233 9.4
      vertex 39.7251 -30.4251 9.4
      vertex 41.0686 -31.7686 9.4
    endloop
  endfacet
  facet normal 0 0 1
    outer loop
      vertex 40.0693 -30.1233 9.4
      vertex 41.0686 -31.7686 9.4
      vertex 41.226 -31.6306 9.4
    endloop
  endfacet
  facet normal 0 0 -1
    outer loop
      vertex 39.7251 -30.4251 2.4
      vertex 40.0693 -30.1233 2.4
      vertex 41.226 -31.6306 2.4
    endloop
  endfacet
  facet normal 0 0 -1
    outer loop
      vertex 39.7251 -30.4251 2.4
      vertex 41.226 -31.6306 2.4
      vertex 41.0686 -31.7686 2.4
    endloop
  endfacet
  facet normal -0.75184 0.659346 0
    outer loop
      vertex 39.7251 -30.4251 2.4
      vertex 39.4233 -30.7693 2.4
      vertex 39.4233 -30.7693 9.4
    endloop
  endfacet
  facet normal -0.75184 0.659346 0
    outer loop
      vertex 39.7251 -30.4251 2.4
      vertex 39.4233 -30.7693 9.4
      vertex 39.7251 -30.4251 9.4
    endloop
  endfacet
  facet normal 0.75184 -0.659346 0
    outer loop
      vertex 40.9306 -31.926 2.4
      vertex 41.0686 -31.7686 2.4
      vertex 41.0686 -31.7686 9.4
    endloop
  endfacet
  facet normal 0.75184 -0.659346 0
    outer loop
      vertex 40.9306 -31.926 2.4
      vertex 41.0686 -31.7686 9.4
      vertex 40.9306 -31.926 9.4
    endloop
  endfacet
  facet normal 0 0 1
    outer loop
      vertex 39.7251 -30.4251 9.4
      vertex 39.4233 -30.7693 9.4
      vertex 40.9306 -31.926 9.4
    endloop
  endfacet
  facet normal 0 0 1
    outer loop
      vertex 39.7251 -30.4251 9.4
      vertex 40.9306 -31.926 9.4
      vertex 41.0686 -31.7686 9.4
    endloop
  endfacet
  facet normal 0 0 -1
    outer loop
      vertex 39.4233 -30.7693 2.4
      vertex 39.7251 -30.4251 2.4
      vertex 41.0686 -31.7686 2.4
    endloop
  endfacet
  facet normal 0 0 -1
    outer loop
      vertex 39.4233 -30.7693 2.4
      vertex 41.0686 -31.7686 2.4
      vertex 40.9306 -31.926 2.4
    endloop
  endfacet
  facet normal -0.83147 0.55557 0
    outer loop
      vertex 39.4233 -30.7693 2.4
      vertex 39.1689 -31.15 2.4
      vertex 39.1689 -31.15 9.4
    endloop
  endfacet
  facet normal -0.83147 0.55557 0
    outer loop
      vertex 39.4233 -30.7693 2.4
      vertex 39.1689 -31.15 9.4
      vertex 39.4233 -30.7693 9.4
    endloop
  endfacet
  facet normal 0.83147 -0.55557 0
    outer loop
      vertex 40.8144 -32.1 2.4
      vertex 40.9306 -31.926 2.4
      vertex 40.9306 -31.926 9.4
    endloop
  endfacet
  facet normal 0.83147 -0.55557 0
    outer loop
      vertex 40.8144 -32.1 2.4
      vertex 40.9306 -31.926 9.4
      vertex 40.8144 -32.1 9.4
    endloop
  endfacet
  facet normal 0 0 1
    outer loop
      vertex 39.4233 -30.7693 9.4
      vertex 39.1689 -31.15 9.4
      vertex 40.8144 -32.1 9.4
    endloop
  endfacet
  facet normal 0 0 1
    outer loop
      vertex 39.4233 -30.7693 9.4
      vertex 40.8144 -32.1 9.4
      vertex 40.9306 -31.926 9.4
    endloop
  endfacet
  facet normal 0 0 -1
    outer loop
      vertex 39.1689 -31.15 2.4
      vertex 39.4233 -30.7693 2.4
      vertex 40.9306 -31.926 2.4
    endloop
  endfacet
  facet normal 0 0 -1
    outer loop
      vertex 39.1689 -31.15 2.4
      vertex 40.9306 -31.926 2.4
      vertex 40.8144 -32.1 2.4
    endloop
  endfacet
  facet normal -0.896873 0.442289 0
    outer loop
      vertex 39.1689 -31.15 2.4
      vertex 38.9664 -31.5606 2.4
      vertex 38.9664 -31.5606 9.4
    endloop
  endfacet
  facet normal -0.896873 0.442289 0
    outer loop
      vertex 39.1689 -31.15 2.4
      vertex 38.9664 -31.5606 9.4
      vertex 39.1689 -31.15 9.4
    endloop
  endfacet
  facet normal 0.896873 -0.442289 0
    outer loop
      vertex 40.7218 -32.2877 2.4
      vertex 40.8144 -32.1 2.4
      vertex 40.8144 -32.1 9.4
    endloop
  endfacet
  facet normal 0.896873 -0.442289 0
    outer loop
      vertex 40.7218 -32.2877 2.4
      vertex 40.8144 -32.1 9.4
      vertex 40.7218 -32.2877 9.4
    endloop
  endfacet
  facet normal 0 0 1
    outer loop
      vertex 39.1689 -31.15 9.4
      vertex 38.9664 -31.5606 9.4
      vertex 40.7218 -32.2877 9.4
    endloop
  endfacet
  facet normal 0 0 1
    outer loop
      vertex 39.1689 -31.15 9.4
      vertex 40.7218 -32.2877 9.4
      vertex 40.8144 -32.1 9.4
    endloop
  endfacet
  facet normal 0 0 -1
    outer loop
      vertex 38.9664 -31.5606 2.4
      vertex 39.1689 -31.15 2.4
      vertex 40.8144 -32.1 2.4
    endloop
  endfacet
  facet normal 0 0 -1
    outer loop
      vertex 38.9664 -31.5606 2.4
      vertex 40.8144 -32.1 2.4
      vertex 40.7218 -32.2877 2.4
    endloop
  endfacet
  facet normal -0.94693 0.321439 0
    outer loop
      vertex 38.9664 -31.5606 2.4
      vertex 38.8193 -31.9941 2.4
      vertex 38.8193 -31.9941 9.4
    endloop
  endfacet
  facet normal -0.94693 0.321439 0
    outer loop
      vertex 38.9664 -31.5606 2.4
      vertex 38.8193 -31.9941 9.4
      vertex 38.9664 -31.5606 9.4
    endloop
  endfacet
  facet normal 0.94693 -0.321439 0
    outer loop
      vertex 40.6545 -32.4859 2.4
      vertex 40.7218 -32.2877 2.4
      vertex 40.7218 -32.2877 9.4
    endloop
  endfacet
  facet normal 0.94693 -0.321439 0
    outer loop
      vertex 40.6545 -32.4859 2.4
      vertex 40.7218 -32.2877 9.4
      vertex 40.6545 -32.4859 9.4
    endloop
  endfacet
  facet normal 0 0 1
    outer loop
      vertex 38.9664 -31.5606 9.4
      vertex 38.8193 -31.9941 9.4
      vertex 40.6545 -32.4859 9.4
    endloop
  endfacet
  facet normal 0 0 1
    outer loop
      vertex 38.9664 -31.5606 9.4
      vertex 40.6545 -32.4859 9.4
      vertex 40.7218 -32.2877 9.4
    endloop
  endfacet
  facet normal 0 0 -1
    outer loop
      vertex 38.8193 -31.9941 2.4
      vertex 38.9664 -31.5606 2.4
      vertex 40.7218 -32.2877 2.4
    endloop
  endfacet
  facet normal 0 0 -1
    outer loop
      vertex 38.8193 -31.9941 2.4
      vertex 40.7218 -32.2877 2.4
      vertex 40.6545 -32.4859 2.4
    endloop
  endfacet
  facet normal -0.980785 0.19509 0
    outer loop
      vertex 38.8193 -31.9941 2.4
      vertex 38.7299 -32.4432 2.4
      vertex 38.7299 -32.4432 9.4
    endloop
  endfacet
  facet normal -0.980785 0.19509 0
    outer loop
      vertex 38.8193 -31.9941 2.4
      vertex 38.7299 -32.4432 9.4
      vertex 38.8193 -31.9941 9.4
    endloop
  endfacet
  facet normal 0.980785 -0.19509 0
    outer loop
      vertex 40.6137 -32.6912 2.4
      vertex 40.6545 -32.4859 2.4
      vertex 40.6545 -32.4859 9.4
    endloop
  endfacet
  facet normal 0.980785 -0.19509 0
    outer loop
      vertex 40.6137 -32.6912 2.4
      vertex 40.6545 -32.4859 9.4
      vertex 40.6137 -32.6912 9.4
    endloop
  endfacet
  facet normal 0 0 1
    outer loop
      vertex 38.8193 -31.9941 9.4
      vertex 38.7299 -32.4432 9.4
      vertex 40.6137 -32.6912 9.4
    endloop
  endfacet
  facet normal 0 0 1
    outer loop
      vertex 38.8193 -31.9941 9.4
      vertex 40.6137 -32.6912 9.4
      vertex 40.6545 -32.4859 9.4
    endloop
  endfacet
  facet normal 0 0 -1
    outer loop
      vertex 38.7299 -32.4432 2.4
      vertex 38.8193 -31.9941 2.4
      vertex 40.6545 -32.4859 2.4
    endloop
  endfacet
  facet normal 0 0 -1
    outer loop
      vertex 38.7299 -32.4432 2.4
      vertex 40.6545 -32.4859 2.4
      vertex 40.6137 -32.6912 2.4
    endloop
  endfacet
  facet normal -0.997859 0.0654031 0
    outer loop
      vertex 38.7299 -32.4432 2.4
      vertex 38.7 -32.9 2.4
      vertex 38.7 -32.9 9.4
    endloop
  endfacet
  facet normal -0.997859 0.0654031 0
    outer loop
      vertex 38.7299 -32.4432 2.4
      vertex 38.7 -32.9 9.4
      vertex 38.7299 -32.4432 9.4
    endloop
  endfacet
  facet normal 0.997859 -0.0654031 0
    outer loop
      vertex 40.6 -32.9 2.4
      vertex 40.6137 -32.6912 2.4
      vertex 40.6137 -32.6912 9.4
    endloop
  endfacet
  facet normal 0.997859 -0.0654031 0
    outer loop
      vertex 40.6 -32.9 2.4
      vertex 40.6137 -32.6912 9.4
      vertex 40.6 -32.9 9.4
    endloop
  endfacet
  facet normal 0 0 1
    outer loop
      vertex 38.7299 -32.4432 9.4
      vertex 38.7 -32.9 9.4
      vertex 40.6 -32.9 9.4
    endloop
  endfacet
  facet normal 0 0 1
    outer loop
      vertex 38.7299 -32.4432 9.4
      vertex 40.6 -32.9 9.4
      vertex 40.6137 -32.6912 9.4
    endloop
  endfacet
  facet normal 0 0 -1
    outer loop
      vertex 38.7 -32.9 2.4
      vertex 38.7299 -32.4432 2.4
      vertex 40.6137 -32.6912 2.4
    endloop
  endfacet
  facet normal 0 0 -1
    outer loop
      vertex 38.7 -32.9 2.4
      vertex 40.6137 -32.6912 2.4
      vertex 40.6 -32.9 2.4
    endloop
  endfacet
  facet normal -0.997859 -0.0654031 0
    outer loop
      vertex 38.7 -32.9 2.4
      vertex 38.7299 -33.3568 2.4
      vertex 38.7299 -33.3568 9.4
    endloop
  endfacet
  facet normal -0.997859 -0.0654031 0
    outer loop
      vertex 38.7 -32.9 2.4
      vertex 38.7299 -33.3568 9.4
      vertex 38.7 -32.9 9.4
    endloop
  endfacet
  facet normal 0.997859 0.0654031 0
    outer loop
      vertex 40.6137 -33.1088 2.4
      vertex 40.6 -32.9 2.4
      vertex 40.6 -32.9 9.4
    endloop
  endfacet
  facet normal 0.997859 0.0654031 -0
    outer loop
      vertex 40.6137 -33.1088 2.4
      vertex 40.6 -32.9 9.4
      vertex 40.6137 -33.1088 9.4
    endloop
  endfacet
  facet normal 0 0 1
    outer loop
      vertex 38.7 -32.9 9.4
      vertex 38.7299 -33.3568 9.4
      vertex 40.6137 -33.1088 9.4
    endloop
  endfacet
  facet normal -0 0 1
    outer loop
      vertex 38.7 -32.9 9.4
      vertex 40.6137 -33.1088 9.4
      vertex 40.6 -32.9 9.4
    endloop
  endfacet
  facet normal 0 0 -1
    outer loop
      vertex 38.7299 -33.3568 2.4
      vertex 38.7 -32.9 2.4
      vertex 40.6 -32.9 2.4
    endloop
  endfacet
  facet normal 0 0 -1
    outer loop
      vertex 38.7299 -33.3568 2.4
      vertex 40.6 -32.9 2.4
      vertex 40.6137 -33.1088 2.4
    endloop
  endfacet
  facet normal -0.980785 -0.19509 0
    outer loop
      vertex 38.7299 -33.3568 2.4
      vertex 38.8193 -33.8059 2.4
      vertex 38.8193 -33.8059 9.4
    endloop
  endfacet
  facet normal -0.980785 -0.19509 0
    outer loop
      vertex 38.7299 -33.3568 2.4
      vertex 38.8193 -33.8059 9.4
      vertex 38.7299 -33.3568 9.4
    endloop
  endfacet
  facet normal 0.980785 0.19509 0
    outer loop
      vertex 40.6545 -33.3141 2.4
      vertex 40.6137 -33.1088 2.4
      vertex 40.6137 -33.1088 9.4
    endloop
  endfacet
  facet normal 0.980785 0.19509 -0
    outer loop
      vertex 40.6545 -33.3141 2.4
      vertex 40.6137 -33.1088 9.4
      vertex 40.6545 -33.3141 9.4
    endloop
  endfacet
  facet normal -0 0 1
    outer loop
      vertex 38.7299 -33.3568 9.4
      vertex 38.8193 -33.8059 9.4
      vertex 40.6545 -33.3141 9.4
    endloop
  endfacet
  facet normal 0 0 1
    outer loop
      vertex 38.7299 -33.3568 9.4
      vertex 40.6545 -33.3141 9.4
      vertex 40.6137 -33.1088 9.4
    endloop
  endfacet
  facet normal 0 0 -1
    outer loop
      vertex 38.8193 -33.8059 2.4
      vertex 38.7299 -33.3568 2.4
      vertex 40.6137 -33.1088 2.4
    endloop
  endfacet
  facet normal 0 0 -1
    outer loop
      vertex 38.8193 -33.8059 2.4
      vertex 40.6137 -33.1088 2.4
      vertex 40.6545 -33.3141 2.4
    endloop
  endfacet
  facet normal -0.94693 -0.321439 0
    outer loop
      vertex 38.8193 -33.8059 2.4
      vertex 38.9664 -34.2394 2.4
      vertex 38.9664 -34.2394 9.4
    endloop
  endfacet
  facet normal -0.94693 -0.321439 0
    outer loop
      vertex 38.8193 -33.8059 2.4
      vertex 38.9664 -34.2394 9.4
      vertex 38.8193 -33.8059 9.4
    endloop
  endfacet
  facet normal 0.94693 0.321439 0
    outer loop
      vertex 40.7218 -33.5123 2.4
      vertex 40.6545 -33.3141 2.4
      vertex 40.6545 -33.3141 9.4
    endloop
  endfacet
  facet normal 0.94693 0.321439 -0
    outer loop
      vertex 40.7218 -33.5123 2.4
      vertex 40.6545 -33.3141 9.4
      vertex 40.7218 -33.5123 9.4
    endloop
  endfacet
  facet normal -0 0 1
    outer loop
      vertex 38.8193 -33.8059 9.4
      vertex 38.9664 -34.2394 9.4
      vertex 40.7218 -33.5123 9.4
    endloop
  endfacet
  facet normal 0 0 1
    outer loop
      vertex 38.8193 -33.8059 9.4
      vertex 40.7218 -33.5123 9.4
      vertex 40.6545 -33.3141 9.4
    endloop
  endfacet
  facet normal 0 0 -1
    outer loop
      vertex 38.9664 -34.2394 2.4
      vertex 38.8193 -33.8059 2.4
      vertex 40.6545 -33.3141 2.4
    endloop
  endfacet
  facet normal 0 0 -1
    outer loop
      vertex 38.9664 -34.2394 2.4
      vertex 40.6545 -33.3141 2.4
      vertex 40.7218 -33.5123 2.4
    endloop
  endfacet
  facet normal -0.896873 -0.442289 0
    outer loop
      vertex 38.9664 -34.2394 2.4
      vertex 39.1689 -34.65 2.4
      vertex 39.1689 -34.65 9.4
    endloop
  endfacet
  facet normal -0.896873 -0.442289 0
    outer loop
      vertex 38.9664 -34.2394 2.4
      vertex 39.1689 -34.65 9.4
      vertex 38.9664 -34.2394 9.4
    endloop
  endfacet
  facet normal 0.896873 0.442289 0
    outer loop
      vertex 40.8144 -33.7 2.4
      vertex 40.7218 -33.5123 2.4
      vertex 40.7218 -33.5123 9.4
    endloop
  endfacet
  facet normal 0.896873 0.442289 -0
    outer loop
      vertex 40.8144 -33.7 2.4
      vertex 40.7218 -33.5123 9.4
      vertex 40.8144 -33.7 9.4
    endloop
  endfacet
  facet normal -0 0 1
    outer loop
      vertex 38.9664 -34.2394 9.4
      vertex 39.1689 -34.65 9.4
      vertex 40.8144 -33.7 9.4
    endloop
  endfacet
  facet normal 0 0 1
    outer loop
      vertex 38.9664 -34.2394 9.4
      vertex 40.8144 -33.7 9.4
      vertex 40.7218 -33.5123 9.4
    endloop
  endfacet
  facet normal 0 0 -1
    outer loop
      vertex 39.1689 -34.65 2.4
      vertex 38.9664 -34.2394 2.4
      vertex 40.7218 -33.5123 2.4
    endloop
  endfacet
  facet normal 0 0 -1
    outer loop
      vertex 39.1689 -34.65 2.4
      vertex 40.7218 -33.5123 2.4
      vertex 40.8144 -33.7 2.4
    endloop
  endfacet
  facet normal -0.83147 -0.55557 0
    outer loop
      vertex 39.1689 -34.65 2.4
      vertex 39.4233 -35.0307 2.4
      vertex 39.4233 -35.0307 9.4
    endloop
  endfacet
  facet normal -0.83147 -0.55557 0
    outer loop
      vertex 39.1689 -34.65 2.4
      vertex 39.4233 -35.0307 9.4
      vertex 39.1689 -34.65 9.4
    endloop
  endfacet
  facet normal 0.83147 0.55557 0
    outer loop
      vertex 40.9306 -33.874 2.4
      vertex 40.8144 -33.7 2.4
      vertex 40.8144 -33.7 9.4
    endloop
  endfacet
  facet normal 0.83147 0.55557 -0
    outer loop
      vertex 40.9306 -33.874 2.4
      vertex 40.8144 -33.7 9.4
      vertex 40.9306 -33.874 9.4
    endloop
  endfacet
  facet normal -0 0 1
    outer loop
      vertex 39.1689 -34.65 9.4
      vertex 39.4233 -35.0307 9.4
      vertex 40.9306 -33.874 9.4
    endloop
  endfacet
  facet normal 0 0 1
    outer loop
      vertex 39.1689 -34.65 9.4
      vertex 40.9306 -33.874 9.4
      vertex 40.8144 -33.7 9.4
    endloop
  endfacet
  facet normal 0 0 -1
    outer loop
      vertex 39.4233 -35.0307 2.4
      vertex 39.1689 -34.65 2.4
      vertex 40.8144 -33.7 2.4
    endloop
  endfacet
  facet normal 0 0 -1
    outer loop
      vertex 39.4233 -35.0307 2.4
      vertex 40.8144 -33.7 2.4
      vertex 40.9306 -33.874 2.4
    endloop
  endfacet
  facet normal -0.75184 -0.659346 0
    outer loop
      vertex 39.4233 -35.0307 2.4
      vertex 39.7251 -35.3749 2.4
      vertex 39.7251 -35.3749 9.4
    endloop
  endfacet
  facet normal -0.75184 -0.659346 0
    outer loop
      vertex 39.4233 -35.0307 2.4
      vertex 39.7251 -35.3749 9.4
      vertex 39.4233 -35.0307 9.4
    endloop
  endfacet
  facet normal 0.75184 0.659346 0
    outer loop
      vertex 41.0686 -34.0314 2.4
      vertex 40.9306 -33.874 2.4
      vertex 40.9306 -33.874 9.4
    endloop
  endfacet
  facet normal 0.75184 0.659346 -0
    outer loop
      vertex 41.0686 -34.0314 2.4
      vertex 40.9306 -33.874 9.4
      vertex 41.0686 -34.0314 9.4
    endloop
  endfacet
  facet normal -0 0 1
    outer loop
      vertex 39.4233 -35.0307 9.4
      vertex 39.7251 -35.3749 9.4
      vertex 41.0686 -34.0314 9.4
    endloop
  endfacet
  facet normal 0 0 1
    outer loop
      vertex 39.4233 -35.0307 9.4
      vertex 41.0686 -34.0314 9.4
      vertex 40.9306 -33.874 9.4
    endloop
  endfacet
  facet normal 0 0 -1
    outer loop
      vertex 39.7251 -35.3749 2.4
      vertex 39.4233 -35.0307 2.4
      vertex 40.9306 -33.874 2.4
    endloop
  endfacet
  facet normal 0 0 -1
    outer loop
      vertex 39.7251 -35.3749 2.4
      vertex 40.9306 -33.874 2.4
      vertex 41.0686 -34.0314 2.4
    endloop
  endfacet
  facet normal -0.659346 -0.75184 0
    outer loop
      vertex 39.7251 -35.3749 2.4
      vertex 40.0693 -35.6767 2.4
      vertex 40.0693 -35.6767 9.4
    endloop
  endfacet
  facet normal -0.659346 -0.75184 0
    outer loop
      vertex 39.7251 -35.3749 2.4
      vertex 40.0693 -35.6767 9.4
      vertex 39.7251 -35.3749 9.4
    endloop
  endfacet
  facet normal 0.659346 0.75184 0
    outer loop
      vertex 41.226 -34.1694 2.4
      vertex 41.0686 -34.0314 2.4
      vertex 41.0686 -34.0314 9.4
    endloop
  endfacet
  facet normal 0.659346 0.75184 -0
    outer loop
      vertex 41.226 -34.1694 2.4
      vertex 41.0686 -34.0314 9.4
      vertex 41.226 -34.1694 9.4
    endloop
  endfacet
  facet normal -0 0 1
    outer loop
      vertex 39.7251 -35.3749 9.4
      vertex 40.0693 -35.6767 9.4
      vertex 41.226 -34.1694 9.4
    endloop
  endfacet
  facet normal 0 0 1
    outer loop
      vertex 39.7251 -35.3749 9.4
      vertex 41.226 -34.1694 9.4
      vertex 41.0686 -34.0314 9.4
    endloop
  endfacet
  facet normal 0 0 -1
    outer loop
      vertex 40.0693 -35.6767 2.4
      vertex 39.7251 -35.3749 2.4
      vertex 41.0686 -34.0314 2.4
    endloop
  endfacet
  facet normal 0 0 -1
    outer loop
      vertex 40.0693 -35.6767 2.4
      vertex 41.0686 -34.0314 2.4
      vertex 41.226 -34.1694 2.4
    endloop
  endfacet
  facet normal -0.55557 -0.83147 0
    outer loop
      vertex 40.0693 -35.6767 2.4
      vertex 40.45 -35.9311 2.4
      vertex 40.45 -35.9311 9.4
    endloop
  endfacet
  facet normal -0.55557 -0.83147 0
    outer loop
      vertex 40.0693 -35.6767 2.4
      vertex 40.45 -35.9311 9.4
      vertex 40.0693 -35.6767 9.4
    endloop
  endfacet
  facet normal 0.55557 0.83147 0
    outer loop
      vertex 41.4 -34.2856 2.4
      vertex 41.226 -34.1694 2.4
      vertex 41.226 -34.1694 9.4
    endloop
  endfacet
  facet normal 0.55557 0.83147 -0
    outer loop
      vertex 41.4 -34.2856 2.4
      vertex 41.226 -34.1694 9.4
      vertex 41.4 -34.2856 9.4
    endloop
  endfacet
  facet normal -0 0 1
    outer loop
      vertex 40.0693 -35.6767 9.4
      vertex 40.45 -35.9311 9.4
      vertex 41.4 -34.2856 9.4
    endloop
  endfacet
  facet normal 0 0 1
    outer loop
      vertex 40.0693 -35.6767 9.4
      vertex 41.4 -34.2856 9.4
      vertex 41.226 -34.1694 9.4
    endloop
  endfacet
  facet normal 0 0 -1
    outer loop
      vertex 40.45 -35.9311 2.4
      vertex 40.0693 -35.6767 2.4
      vertex 41.226 -34.1694 2.4
    endloop
  endfacet
  facet normal 0 0 -1
    outer loop
      vertex 40.45 -35.9311 2.4
      vertex 41.226 -34.1694 2.4
      vertex 41.4 -34.2856 2.4
    endloop
  endfacet
  facet normal -0.442289 -0.896873 0
    outer loop
      vertex 40.45 -35.9311 2.4
      vertex 40.8606 -36.1336 2.4
      vertex 40.8606 -36.1336 9.4
    endloop
  endfacet
  facet normal -0.442289 -0.896873 0
    outer loop
      vertex 40.45 -35.9311 2.4
      vertex 40.8606 -36.1336 9.4
      vertex 40.45 -35.9311 9.4
    endloop
  endfacet
  facet normal 0.442289 0.896873 0
    outer loop
      vertex 41.5877 -34.3782 2.4
      vertex 41.4 -34.2856 2.4
      vertex 41.4 -34.2856 9.4
    endloop
  endfacet
  facet normal 0.442289 0.896873 -0
    outer loop
      vertex 41.5877 -34.3782 2.4
      vertex 41.4 -34.2856 9.4
      vertex 41.5877 -34.3782 9.4
    endloop
  endfacet
  facet normal -0 0 1
    outer loop
      vertex 40.45 -35.9311 9.4
      vertex 40.8606 -36.1336 9.4
      vertex 41.5877 -34.3782 9.4
    endloop
  endfacet
  facet normal 0 0 1
    outer loop
      vertex 40.45 -35.9311 9.4
      vertex 41.5877 -34.3782 9.4
      vertex 41.4 -34.2856 9.4
    endloop
  endfacet
  facet normal 0 0 -1
    outer loop
      vertex 40.8606 -36.1336 2.4
      vertex 40.45 -35.9311 2.4
      vertex 41.4 -34.2856 2.4
    endloop
  endfacet
  facet normal 0 0 -1
    outer loop
      vertex 40.8606 -36.1336 2.4
      vertex 41.4 -34.2856 2.4
      vertex 41.5877 -34.3782 2.4
    endloop
  endfacet
  facet normal -0.321439 -0.94693 0
    outer loop
      vertex 40.8606 -36.1336 2.4
      vertex 41.2941 -36.2807 2.4
      vertex 41.2941 -36.2807 9.4
    endloop
  endfacet
  facet normal -0.321439 -0.94693 0
    outer loop
      vertex 40.8606 -36.1336 2.4
      vertex 41.2941 -36.2807 9.4
      vertex 40.8606 -36.1336 9.4
    endloop
  endfacet
  facet normal 0.321439 0.94693 0
    outer loop
      vertex 41.7859 -34.4455 2.4
      vertex 41.5877 -34.3782 2.4
      vertex 41.5877 -34.3782 9.4
    endloop
  endfacet
  facet normal 0.321439 0.94693 -0
    outer loop
      vertex 41.7859 -34.4455 2.4
      vertex 41.5877 -34.3782 9.4
      vertex 41.7859 -34.4455 9.4
    endloop
  endfacet
  facet normal -0 0 1
    outer loop
      vertex 40.8606 -36.1336 9.4
      vertex 41.2941 -36.2807 9.4
      vertex 41.7859 -34.4455 9.4
    endloop
  endfacet
  facet normal 0 0 1
    outer loop
      vertex 40.8606 -36.1336 9.4
      vertex 41.7859 -34.4455 9.4
      vertex 41.5877 -34.3782 9.4
    endloop
  endfacet
  facet normal 0 0 -1
    outer loop
      vertex 41.2941 -36.2807 2.4
      vertex 40.8606 -36.1336 2.4
      vertex 41.5877 -34.3782 2.4
    endloop
  endfacet
  facet normal 0 0 -1
    outer loop
      vertex 41.2941 -36.2807 2.4
      vertex 41.5877 -34.3782 2.4
      vertex 41.7859 -34.4455 2.4
    endloop
  endfacet
  facet normal -0.19509 -0.980785 0
    outer loop
      vertex 41.2941 -36.2807 2.4
      vertex 41.7432 -36.3701 2.4
      vertex 41.7432 -36.3701 9.4
    endloop
  endfacet
  facet normal -0.19509 -0.980785 0
    outer loop
      vertex 41.2941 -36.2807 2.4
      vertex 41.7432 -36.3701 9.4
      vertex 41.2941 -36.2807 9.4
    endloop
  endfacet
  facet normal 0.19509 0.980785 0
    outer loop
      vertex 41.9912 -34.4863 2.4
      vertex 41.7859 -34.4455 2.4
      vertex 41.7859 -34.4455 9.4
    endloop
  endfacet
  facet normal 0.19509 0.980785 -0
    outer loop
      vertex 41.9912 -34.4863 2.4
      vertex 41.7859 -34.4455 9.4
      vertex 41.9912 -34.4863 9.4
    endloop
  endfacet
  facet normal -0 0 1
    outer loop
      vertex 41.2941 -36.2807 9.4
      vertex 41.7432 -36.3701 9.4
      vertex 41.9912 -34.4863 9.4
    endloop
  endfacet
  facet normal 0 0 1
    outer loop
      vertex 41.2941 -36.2807 9.4
      vertex 41.9912 -34.4863 9.4
      vertex 41.7859 -34.4455 9.4
    endloop
  endfacet
  facet normal 0 0 -1
    outer loop
      vertex 41.7432 -36.3701 2.4
      vertex 41.2941 -36.2807 2.4
      vertex 41.7859 -34.4455 2.4
    endloop
  endfacet
  facet normal 0 0 -1
    outer loop
      vertex 41.7432 -36.3701 2.4
      vertex 41.7859 -34.4455 2.4
      vertex 41.9912 -34.4863 2.4
    endloop
  endfacet
  facet normal -0.0654031 -0.997859 0
    outer loop
      vertex 41.7432 -36.3701 2.4
      vertex 42.2 -36.4 2.4
      vertex 42.2 -36.4 9.4
    endloop
  endfacet
  facet normal -0.0654031 -0.997859 0
    outer loop
      vertex 41.7432 -36.3701 2.4
      vertex 42.2 -36.4 9.4
      vertex 41.7432 -36.3701 9.4
    endloop
  endfacet
  facet normal 0.0654031 0.997859 0
    outer loop
      vertex 42.2 -34.5 2.4
      vertex 41.9912 -34.4863 2.4
      vertex 41.9912 -34.4863 9.4
    endloop
  endfacet
  facet normal 0.0654031 0.997859 -0
    outer loop
      vertex 42.2 -34.5 2.4
      vertex 41.9912 -34.4863 9.4
      vertex 42.2 -34.5 9.4
    endloop
  endfacet
  facet normal -0 0 1
    outer loop
      vertex 41.7432 -36.3701 9.4
      vertex 42.2 -36.4 9.4
      vertex 42.2 -34.5 9.4
    endloop
  endfacet
  facet normal 0 0 1
    outer loop
      vertex 41.7432 -36.3701 9.4
      vertex 42.2 -34.5 9.4
      vertex 41.9912 -34.4863 9.4
    endloop
  endfacet
  facet normal 0 0 -1
    outer loop
      vertex 42.2 -36.4 2.4
      vertex 41.7432 -36.3701 2.4
      vertex 41.9912 -34.4863 2.4
    endloop
  endfacet
  facet normal 0 0 -1
    outer loop
      vertex 42.2 -36.4 2.4
      vertex 41.9912 -34.4863 2.4
      vertex 42.2 -34.5 2.4
    endloop
  endfacet
  facet normal 0.0654031 -0.997859 0
    outer loop
      vertex 42.2 -36.4 2.4
      vertex 42.6568 -36.3701 2.4
      vertex 42.6568 -36.3701 9.4
    endloop
  endfacet
  facet normal 0.0654031 -0.997859 0
    outer loop
      vertex 42.2 -36.4 2.4
      vertex 42.6568 -36.3701 9.4
      vertex 42.2 -36.4 9.4
    endloop
  endfacet
  facet normal -0.0654031 0.997859 0
    outer loop
      vertex 42.4088 -34.4863 2.4
      vertex 42.2 -34.5 2.4
      vertex 42.2 -34.5 9.4
    endloop
  endfacet
  facet normal -0.0654031 0.997859 0
    outer loop
      vertex 42.4088 -34.4863 2.4
      vertex 42.2 -34.5 9.4
      vertex 42.4088 -34.4863 9.4
    endloop
  endfacet
  facet normal 0 0 1
    outer loop
      vertex 42.2 -36.4 9.4
      vertex 42.6568 -36.3701 9.4
      vertex 42.4088 -34.4863 9.4
    endloop
  endfacet
  facet normal 0 0 1
    outer loop
      vertex 42.2 -36.4 9.4
      vertex 42.4088 -34.4863 9.4
      vertex 42.2 -34.5 9.4
    endloop
  endfacet
  facet normal -0 0 -1
    outer loop
      vertex 42.6568 -36.3701 2.4
      vertex 42.2 -36.4 2.4
      vertex 42.2 -34.5 2.4
    endloop
  endfacet
  facet normal 0 0 -1
    outer loop
      vertex 42.6568 -36.3701 2.4
      vertex 42.2 -34.5 2.4
      vertex 42.4088 -34.4863 2.4
    endloop
  endfacet
  facet normal 0.19509 -0.980785 0
    outer loop
      vertex 42.6568 -36.3701 2.4
      vertex 43.1059 -36.2807 2.4
      vertex 43.1059 -36.2807 9.4
    endloop
  endfacet
  facet normal 0.19509 -0.980785 0
    outer loop
      vertex 42.6568 -36.3701 2.4
      vertex 43.1059 -36.2807 9.4
      vertex 42.6568 -36.3701 9.4
    endloop
  endfacet
  facet normal -0.19509 0.980785 0
    outer loop
      vertex 42.6141 -34.4455 2.4
      vertex 42.4088 -34.4863 2.4
      vertex 42.4088 -34.4863 9.4
    endloop
  endfacet
  facet normal -0.19509 0.980785 0
    outer loop
      vertex 42.6141 -34.4455 2.4
      vertex 42.4088 -34.4863 9.4
      vertex 42.6141 -34.4455 9.4
    endloop
  endfacet
  facet normal 0 -0 1
    outer loop
      vertex 42.6568 -36.3701 9.4
      vertex 43.1059 -36.2807 9.4
      vertex 42.6141 -34.4455 9.4
    endloop
  endfacet
  facet normal 0 0 1
    outer loop
      vertex 42.6568 -36.3701 9.4
      vertex 42.6141 -34.4455 9.4
      vertex 42.4088 -34.4863 9.4
    endloop
  endfacet
  facet normal -0 0 -1
    outer loop
      vertex 43.1059 -36.2807 2.4
      vertex 42.6568 -36.3701 2.4
      vertex 42.4088 -34.4863 2.4
    endloop
  endfacet
  facet normal 0 0 -1
    outer loop
      vertex 43.1059 -36.2807 2.4
      vertex 42.4088 -34.4863 2.4
      vertex 42.6141 -34.4455 2.4
    endloop
  endfacet
  facet normal 0.321439 -0.94693 0
    outer loop
      vertex 43.1059 -36.2807 2.4
      vertex 43.5394 -36.1336 2.4
      vertex 43.5394 -36.1336 9.4
    endloop
  endfacet
  facet normal 0.321439 -0.94693 0
    outer loop
      vertex 43.1059 -36.2807 2.4
      vertex 43.5394 -36.1336 9.4
      vertex 43.1059 -36.2807 9.4
    endloop
  endfacet
  facet normal -0.321439 0.94693 0
    outer loop
      vertex 42.8123 -34.3782 2.4
      vertex 42.6141 -34.4455 2.4
      vertex 42.6141 -34.4455 9.4
    endloop
  endfacet
  facet normal -0.321439 0.94693 0
    outer loop
      vertex 42.8123 -34.3782 2.4
      vertex 42.6141 -34.4455 9.4
      vertex 42.8123 -34.3782 9.4
    endloop
  endfacet
  facet normal 0 -0 1
    outer loop
      vertex 43.1059 -36.2807 9.4
      vertex 43.5394 -36.1336 9.4
      vertex 42.8123 -34.3782 9.4
    endloop
  endfacet
  facet normal 0 0 1
    outer loop
      vertex 43.1059 -36.2807 9.4
      vertex 42.8123 -34.3782 9.4
      vertex 42.6141 -34.4455 9.4
    endloop
  endfacet
  facet normal -0 0 -1
    outer loop
      vertex 43.5394 -36.1336 2.4
      vertex 43.1059 -36.2807 2.4
      vertex 42.6141 -34.4455 2.4
    endloop
  endfacet
  facet normal 0 0 -1
    outer loop
      vertex 43.5394 -36.1336 2.4
      vertex 42.6141 -34.4455 2.4
      vertex 42.8123 -34.3782 2.4
    endloop
  endfacet
  facet normal 0.442289 -0.896873 0
    outer loop
      vertex 43.5394 -36.1336 2.4
      vertex 43.95 -35.9311 2.4
      vertex 43.95 -35.9311 9.4
    endloop
  endfacet
  facet normal 0.442289 -0.896873 0
    outer loop
      vertex 43.5394 -36.1336 2.4
      vertex 43.95 -35.9311 9.4
      vertex 43.5394 -36.1336 9.4
    endloop
  endfacet
  facet normal -0.442289 0.896873 0
    outer loop
      vertex 43 -34.2856 2.4
      vertex 42.8123 -34.3782 2.4
      vertex 42.8123 -34.3782 9.4
    endloop
  endfacet
  facet normal -0.442289 0.896873 0
    outer loop
      vertex 43 -34.2856 2.4
      vertex 42.8123 -34.3782 9.4
      vertex 43 -34.2856 9.4
    endloop
  endfacet
  facet normal 0 -0 1
    outer loop
      vertex 43.5394 -36.1336 9.4
      vertex 43.95 -35.9311 9.4
      vertex 43 -34.2856 9.4
    endloop
  endfacet
  facet normal 0 0 1
    outer loop
      vertex 43.5394 -36.1336 9.4
      vertex 43 -34.2856 9.4
      vertex 42.8123 -34.3782 9.4
    endloop
  endfacet
  facet normal -0 0 -1
    outer loop
      vertex 43.95 -35.9311 2.4
      vertex 43.5394 -36.1336 2.4
      vertex 42.8123 -34.3782 2.4
    endloop
  endfacet
  facet normal 0 0 -1
    outer loop
      vertex 43.95 -35.9311 2.4
      vertex 42.8123 -34.3782 2.4
      vertex 43 -34.2856 2.4
    endloop
  endfacet
  facet normal 0.55557 -0.83147 0
    outer loop
      vertex 43.95 -35.9311 2.4
      vertex 44.3307 -35.6767 2.4
      vertex 44.3307 -35.6767 9.4
    endloop
  endfacet
  facet normal 0.55557 -0.83147 0
    outer loop
      vertex 43.95 -35.9311 2.4
      vertex 44.3307 -35.6767 9.4
      vertex 43.95 -35.9311 9.4
    endloop
  endfacet
  facet normal -0.55557 0.83147 0
    outer loop
      vertex 43.174 -34.1694 2.4
      vertex 43 -34.2856 2.4
      vertex 43 -34.2856 9.4
    endloop
  endfacet
  facet normal -0.55557 0.83147 0
    outer loop
      vertex 43.174 -34.1694 2.4
      vertex 43 -34.2856 9.4
      vertex 43.174 -34.1694 9.4
    endloop
  endfacet
  facet normal 0 -0 1
    outer loop
      vertex 43.95 -35.9311 9.4
      vertex 44.3307 -35.6767 9.4
      vertex 43.174 -34.1694 9.4
    endloop
  endfacet
  facet normal 0 0 1
    outer loop
      vertex 43.95 -35.9311 9.4
      vertex 43.174 -34.1694 9.4
      vertex 43 -34.2856 9.4
    endloop
  endfacet
  facet normal -0 0 -1
    outer loop
      vertex 44.3307 -35.6767 2.4
      vertex 43.95 -35.9311 2.4
      vertex 43 -34.2856 2.4
    endloop
  endfacet
  facet normal 0 0 -1
    outer loop
      vertex 44.3307 -35.6767 2.4
      vertex 43 -34.2856 2.4
      vertex 43.174 -34.1694 2.4
    endloop
  endfacet
  facet normal 0.659346 -0.75184 0
    outer loop
      vertex 44.3307 -35.6767 2.4
      vertex 44.6749 -35.3749 2.4
      vertex 44.6749 -35.3749 9.4
    endloop
  endfacet
  facet normal 0.659346 -0.75184 0
    outer loop
      vertex 44.3307 -35.6767 2.4
      vertex 44.6749 -35.3749 9.4
      vertex 44.3307 -35.6767 9.4
    endloop
  endfacet
  facet normal -0.659346 0.75184 0
    outer loop
      vertex 43.3314 -34.0314 2.4
      vertex 43.174 -34.1694 2.4
      vertex 43.174 -34.1694 9.4
    endloop
  endfacet
  facet normal -0.659346 0.75184 0
    outer loop
      vertex 43.3314 -34.0314 2.4
      vertex 43.174 -34.1694 9.4
      vertex 43.3314 -34.0314 9.4
    endloop
  endfacet
  facet normal 0 -0 1
    outer loop
      vertex 44.3307 -35.6767 9.4
      vertex 44.6749 -35.3749 9.4
      vertex 43.3314 -34.0314 9.4
    endloop
  endfacet
  facet normal 0 0 1
    outer loop
      vertex 44.3307 -35.6767 9.4
      vertex 43.3314 -34.0314 9.4
      vertex 43.174 -34.1694 9.4
    endloop
  endfacet
  facet normal -0 0 -1
    outer loop
      vertex 44.6749 -35.3749 2.4
      vertex 44.3307 -35.6767 2.4
      vertex 43.174 -34.1694 2.4
    endloop
  endfacet
  facet normal 0 0 -1
    outer loop
      vertex 44.6749 -35.3749 2.4
      vertex 43.174 -34.1694 2.4
      vertex 43.3314 -34.0314 2.4
    endloop
  endfacet
  facet normal 0.75184 -0.659346 0
    outer loop
      vertex 44.6749 -35.3749 2.4
      vertex 44.9767 -35.0307 2.4
      vertex 44.9767 -35.0307 9.4
    endloop
  endfacet
  facet normal 0.75184 -0.659346 0
    outer loop
      vertex 44.6749 -35.3749 2.4
      vertex 44.9767 -35.0307 9.4
      vertex 44.6749 -35.3749 9.4
    endloop
  endfacet
  facet normal -0.75184 0.659346 0
    outer loop
      vertex 43.4694 -33.874 2.4
      vertex 43.3314 -34.0314 2.4
      vertex 43.3314 -34.0314 9.4
    endloop
  endfacet
  facet normal -0.75184 0.659346 0
    outer loop
      vertex 43.4694 -33.874 2.4
      vertex 43.3314 -34.0314 9.4
      vertex 43.4694 -33.874 9.4
    endloop
  endfacet
  facet normal 0 -0 1
    outer loop
      vertex 44.6749 -35.3749 9.4
      vertex 44.9767 -35.0307 9.4
      vertex 43.4694 -33.874 9.4
    endloop
  endfacet
  facet normal 0 0 1
    outer loop
      vertex 44.6749 -35.3749 9.4
      vertex 43.4694 -33.874 9.4
      vertex 43.3314 -34.0314 9.4
    endloop
  endfacet
  facet normal -0 0 -1
    outer loop
      vertex 44.9767 -35.0307 2.4
      vertex 44.6749 -35.3749 2.4
      vertex 43.3314 -34.0314 2.4
    endloop
  endfacet
  facet normal 0 0 -1
    outer loop
      vertex 44.9767 -35.0307 2.4
      vertex 43.3314 -34.0314 2.4
      vertex 43.4694 -33.874 2.4
    endloop
  endfacet
  facet normal 0.83147 -0.55557 0
    outer loop
      vertex 44.9767 -35.0307 2.4
      vertex 45.2311 -34.65 2.4
      vertex 45.2311 -34.65 9.4
    endloop
  endfacet
  facet normal 0.83147 -0.55557 0
    outer loop
      vertex 44.9767 -35.0307 2.4
      vertex 45.2311 -34.65 9.4
      vertex 44.9767 -35.0307 9.4
    endloop
  endfacet
  facet normal -0.83147 0.55557 0
    outer loop
      vertex 43.5856 -33.7 2.4
      vertex 43.4694 -33.874 2.4
      vertex 43.4694 -33.874 9.4
    endloop
  endfacet
  facet normal -0.83147 0.55557 0
    outer loop
      vertex 43.5856 -33.7 2.4
      vertex 43.4694 -33.874 9.4
      vertex 43.5856 -33.7 9.4
    endloop
  endfacet
  facet normal 0 -0 1
    outer loop
      vertex 44.9767 -35.0307 9.4
      vertex 45.2311 -34.65 9.4
      vertex 43.5856 -33.7 9.4
    endloop
  endfacet
  facet normal 0 0 1
    outer loop
      vertex 44.9767 -35.0307 9.4
      vertex 43.5856 -33.7 9.4
      vertex 43.4694 -33.874 9.4
    endloop
  endfacet
  facet normal -0 0 -1
    outer loop
      vertex 45.2311 -34.65 2.4
      vertex 44.9767 -35.0307 2.4
      vertex 43.4694 -33.874 2.4
    endloop
  endfacet
  facet normal 0 0 -1
    outer loop
      vertex 45.2311 -34.65 2.4
      vertex 43.4694 -33.874 2.4
      vertex 43.5856 -33.7 2.4
    endloop
  endfacet
  facet normal 0.896873 -0.442289 0
    outer loop
      vertex 45.2311 -34.65 2.4
      vertex 45.4336 -34.2394 2.4
      vertex 45.4336 -34.2394 9.4
    endloop
  endfacet
  facet normal 0.896873 -0.442289 0
    outer loop
      vertex 45.2311 -34.65 2.4
      vertex 45.4336 -34.2394 9.4
      vertex 45.2311 -34.65 9.4
    endloop
  endfacet
  facet normal -0.896873 0.442289 0
    outer loop
      vertex 43.6782 -33.5123 2.4
      vertex 43.5856 -33.7 2.4
      vertex 43.5856 -33.7 9.4
    endloop
  endfacet
  facet normal -0.896873 0.442289 0
    outer loop
      vertex 43.6782 -33.5123 2.4
      vertex 43.5856 -33.7 9.4
      vertex 43.6782 -33.5123 9.4
    endloop
  endfacet
  facet normal 0 -0 1
    outer loop
      vertex 45.2311 -34.65 9.4
      vertex 45.4336 -34.2394 9.4
      vertex 43.6782 -33.5123 9.4
    endloop
  endfacet
  facet normal 0 0 1
    outer loop
      vertex 45.2311 -34.65 9.4
      vertex 43.6782 -33.5123 9.4
      vertex 43.5856 -33.7 9.4
    endloop
  endfacet
  facet normal -0 0 -1
    outer loop
      vertex 45.4336 -34.2394 2.4
      vertex 45.2311 -34.65 2.4
      vertex 43.5856 -33.7 2.4
    endloop
  endfacet
  facet normal 0 0 -1
    outer loop
      vertex 45.4336 -34.2394 2.4
      vertex 43.5856 -33.7 2.4
      vertex 43.6782 -33.5123 2.4
    endloop
  endfacet
  facet normal 0.94693 -0.321439 0
    outer loop
      vertex 45.4336 -34.2394 2.4
      vertex 45.5807 -33.8059 2.4
      vertex 45.5807 -33.8059 9.4
    endloop
  endfacet
  facet normal 0.94693 -0.321439 0
    outer loop
      vertex 45.4336 -34.2394 2.4
      vertex 45.5807 -33.8059 9.4
      vertex 45.4336 -34.2394 9.4
    endloop
  endfacet
  facet normal -0.94693 0.321439 0
    outer loop
      vertex 43.7455 -33.3141 2.4
      vertex 43.6782 -33.5123 2.4
      vertex 43.6782 -33.5123 9.4
    endloop
  endfacet
  facet normal -0.94693 0.321439 0
    outer loop
      vertex 43.7455 -33.3141 2.4
      vertex 43.6782 -33.5123 9.4
      vertex 43.7455 -33.3141 9.4
    endloop
  endfacet
  facet normal 0 -0 1
    outer loop
      vertex 45.4336 -34.2394 9.4
      vertex 45.5807 -33.8059 9.4
      vertex 43.7455 -33.3141 9.4
    endloop
  endfacet
  facet normal 0 0 1
    outer loop
      vertex 45.4336 -34.2394 9.4
      vertex 43.7455 -33.3141 9.4
      vertex 43.6782 -33.5123 9.4
    endloop
  endfacet
  facet normal -0 0 -1
    outer loop
      vertex 45.5807 -33.8059 2.4
      vertex 45.4336 -34.2394 2.4
      vertex 43.6782 -33.5123 2.4
    endloop
  endfacet
  facet normal 0 0 -1
    outer loop
      vertex 45.5807 -33.8059 2.4
      vertex 43.6782 -33.5123 2.4
      vertex 43.7455 -33.3141 2.4
    endloop
  endfacet
  facet normal 0.980785 -0.19509 0
    outer loop
      vertex 45.5807 -33.8059 2.4
      vertex 45.6701 -33.3568 2.4
      vertex 45.6701 -33.3568 9.4
    endloop
  endfacet
  facet normal 0.980785 -0.19509 0
    outer loop
      vertex 45.5807 -33.8059 2.4
      vertex 45.6701 -33.3568 9.4
      vertex 45.5807 -33.8059 9.4
    endloop
  endfacet
  facet normal -0.980785 0.19509 0
    outer loop
      vertex 43.7863 -33.1088 2.4
      vertex 43.7455 -33.3141 2.4
      vertex 43.7455 -33.3141 9.4
    endloop
  endfacet
  facet normal -0.980785 0.19509 0
    outer loop
      vertex 43.7863 -33.1088 2.4
      vertex 43.7455 -33.3141 9.4
      vertex 43.7863 -33.1088 9.4
    endloop
  endfacet
  facet normal 0 -0 1
    outer loop
      vertex 45.5807 -33.8059 9.4
      vertex 45.6701 -33.3568 9.4
      vertex 43.7863 -33.1088 9.4
    endloop
  endfacet
  facet normal 0 0 1
    outer loop
      vertex 45.5807 -33.8059 9.4
      vertex 43.7863 -33.1088 9.4
      vertex 43.7455 -33.3141 9.4
    endloop
  endfacet
  facet normal -0 0 -1
    outer loop
      vertex 45.6701 -33.3568 2.4
      vertex 45.5807 -33.8059 2.4
      vertex 43.7455 -33.3141 2.4
    endloop
  endfacet
  facet normal 0 0 -1
    outer loop
      vertex 45.6701 -33.3568 2.4
      vertex 43.7455 -33.3141 2.4
      vertex 43.7863 -33.1088 2.4
    endloop
  endfacet
  facet normal 0.997859 -0.0654031 0
    outer loop
      vertex 45.6701 -33.3568 2.4
      vertex 45.7 -32.9 2.4
      vertex 45.7 -32.9 9.4
    endloop
  endfacet
  facet normal 0.997859 -0.0654031 0
    outer loop
      vertex 45.6701 -33.3568 2.4
      vertex 45.7 -32.9 9.4
      vertex 45.6701 -33.3568 9.4
    endloop
  endfacet
  facet normal -0.997859 0.0654031 0
    outer loop
      vertex 43.8 -32.9 2.4
      vertex 43.7863 -33.1088 2.4
      vertex 43.7863 -33.1088 9.4
    endloop
  endfacet
  facet normal -0.997859 0.0654031 0
    outer loop
      vertex 43.8 -32.9 2.4
      vertex 43.7863 -33.1088 9.4
      vertex 43.8 -32.9 9.4
    endloop
  endfacet
  facet normal 0 -0 1
    outer loop
      vertex 45.6701 -33.3568 9.4
      vertex 45.7 -32.9 9.4
      vertex 43.8 -32.9 9.4
    endloop
  endfacet
  facet normal 0 0 1
    outer loop
      vertex 45.6701 -33.3568 9.4
      vertex 43.8 -32.9 9.4
      vertex 43.7863 -33.1088 9.4
    endloop
  endfacet
  facet normal 0 0 -1
    outer loop
      vertex 45.7 -32.9 2.4
      vertex 45.6701 -33.3568 2.4
      vertex 43.7863 -33.1088 2.4
    endloop
  endfacet
  facet normal -0 0 -1
    outer loop
      vertex 45.7 -32.9 2.4
      vertex 43.7863 -33.1088 2.4
      vertex 43.8 -32.9 2.4
    endloop
  endfacet
  facet normal 0.997859 0.0654031 0
    outer loop
      vertex 45.7 32.9 2.4
      vertex 45.6701 33.3568 2.4
      vertex 45.6701 33.3568 9.4
    endloop
  endfacet
  facet normal 0.997859 0.0654031 -0
    outer loop
      vertex 45.7 32.9 2.4
      vertex 45.6701 33.3568 9.4
      vertex 45.7 32.9 9.4
    endloop
  endfacet
  facet normal -0.997859 -0.0654031 0
    outer loop
      vertex 43.7863 33.1088 2.4
      vertex 43.8 32.9 2.4
      vertex 43.8 32.9 9.4
    endloop
  endfacet
  facet normal -0.997859 -0.0654031 0
    outer loop
      vertex 43.7863 33.1088 2.4
      vertex 43.8 32.9 9.4
      vertex 43.7863 33.1088 9.4
    endloop
  endfacet
  facet normal 0 0 1
    outer loop
      vertex 45.7 32.9 9.4
      vertex 45.6701 33.3568 9.4
      vertex 43.7863 33.1088 9.4
    endloop
  endfacet
  facet normal 0 0 1
    outer loop
      vertex 45.7 32.9 9.4
      vertex 43.7863 33.1088 9.4
      vertex 43.8 32.9 9.4
    endloop
  endfacet
  facet normal 0 -0 -1
    outer loop
      vertex 45.6701 33.3568 2.4
      vertex 45.7 32.9 2.4
      vertex 43.8 32.9 2.4
    endloop
  endfacet
  facet normal 0 0 -1
    outer loop
      vertex 45.6701 33.3568 2.4
      vertex 43.8 32.9 2.4
      vertex 43.7863 33.1088 2.4
    endloop
  endfacet
  facet normal 0.980785 0.19509 0
    outer loop
      vertex 45.6701 33.3568 2.4
      vertex 45.5807 33.8059 2.4
      vertex 45.5807 33.8059 9.4
    endloop
  endfacet
  facet normal 0.980785 0.19509 -0
    outer loop
      vertex 45.6701 33.3568 2.4
      vertex 45.5807 33.8059 9.4
      vertex 45.6701 33.3568 9.4
    endloop
  endfacet
  facet normal -0.980785 -0.19509 0
    outer loop
      vertex 43.7455 33.3141 2.4
      vertex 43.7863 33.1088 2.4
      vertex 43.7863 33.1088 9.4
    endloop
  endfacet
  facet normal -0.980785 -0.19509 0
    outer loop
      vertex 43.7455 33.3141 2.4
      vertex 43.7863 33.1088 9.4
      vertex 43.7455 33.3141 9.4
    endloop
  endfacet
  facet normal 0 0 1
    outer loop
      vertex 45.6701 33.3568 9.4
      vertex 45.5807 33.8059 9.4
      vertex 43.7455 33.3141 9.4
    endloop
  endfacet
  facet normal 0 0 1
    outer loop
      vertex 45.6701 33.3568 9.4
      vertex 43.7455 33.3141 9.4
      vertex 43.7863 33.1088 9.4
    endloop
  endfacet
  facet normal 0 -0 -1
    outer loop
      vertex 45.5807 33.8059 2.4
      vertex 45.6701 33.3568 2.4
      vertex 43.7863 33.1088 2.4
    endloop
  endfacet
  facet normal 0 0 -1
    outer loop
      vertex 45.5807 33.8059 2.4
      vertex 43.7863 33.1088 2.4
      vertex 43.7455 33.3141 2.4
    endloop
  endfacet
  facet normal 0.94693 0.321439 0
    outer loop
      vertex 45.5807 33.8059 2.4
      vertex 45.4336 34.2394 2.4
      vertex 45.4336 34.2394 9.4
    endloop
  endfacet
  facet normal 0.94693 0.321439 -0
    outer loop
      vertex 45.5807 33.8059 2.4
      vertex 45.4336 34.2394 9.4
      vertex 45.5807 33.8059 9.4
    endloop
  endfacet
  facet normal -0.94693 -0.321439 0
    outer loop
      vertex 43.6782 33.5123 2.4
      vertex 43.7455 33.3141 2.4
      vertex 43.7455 33.3141 9.4
    endloop
  endfacet
  facet normal -0.94693 -0.321439 0
    outer loop
      vertex 43.6782 33.5123 2.4
      vertex 43.7455 33.3141 9.4
      vertex 43.6782 33.5123 9.4
    endloop
  endfacet
  facet normal 0 0 1
    outer loop
      vertex 45.5807 33.8059 9.4
      vertex 45.4336 34.2394 9.4
      vertex 43.6782 33.5123 9.4
    endloop
  endfacet
  facet normal 0 0 1
    outer loop
      vertex 45.5807 33.8059 9.4
      vertex 43.6782 33.5123 9.4
      vertex 43.7455 33.3141 9.4
    endloop
  endfacet
  facet normal 0 -0 -1
    outer loop
      vertex 45.4336 34.2394 2.4
      vertex 45.5807 33.8059 2.4
      vertex 43.7455 33.3141 2.4
    endloop
  endfacet
  facet normal 0 0 -1
    outer loop
      vertex 45.4336 34.2394 2.4
      vertex 43.7455 33.3141 2.4
      vertex 43.6782 33.5123 2.4
    endloop
  endfacet
  facet normal 0.896873 0.442289 0
    outer loop
      vertex 45.4336 34.2394 2.4
      vertex 45.2311 34.65 2.4
      vertex 45.2311 34.65 9.4
    endloop
  endfacet
  facet normal 0.896873 0.442289 -0
    outer loop
      vertex 45.4336 34.2394 2.4
      vertex 45.2311 34.65 9.4
      vertex 45.4336 34.2394 9.4
    endloop
  endfacet
  facet normal -0.896873 -0.442289 0
    outer loop
      vertex 43.5856 33.7 2.4
      vertex 43.6782 33.5123 2.4
      vertex 43.6782 33.5123 9.4
    endloop
  endfacet
  facet normal -0.896873 -0.442289 0
    outer loop
      vertex 43.5856 33.7 2.4
      vertex 43.6782 33.5123 9.4
      vertex 43.5856 33.7 9.4
    endloop
  endfacet
  facet normal 0 0 1
    outer loop
      vertex 45.4336 34.2394 9.4
      vertex 45.2311 34.65 9.4
      vertex 43.5856 33.7 9.4
    endloop
  endfacet
  facet normal 0 0 1
    outer loop
      vertex 45.4336 34.2394 9.4
      vertex 43.5856 33.7 9.4
      vertex 43.6782 33.5123 9.4
    endloop
  endfacet
  facet normal 0 -0 -1
    outer loop
      vertex 45.2311 34.65 2.4
      vertex 45.4336 34.2394 2.4
      vertex 43.6782 33.5123 2.4
    endloop
  endfacet
  facet normal 0 0 -1
    outer loop
      vertex 45.2311 34.65 2.4
      vertex 43.6782 33.5123 2.4
      vertex 43.5856 33.7 2.4
    endloop
  endfacet
  facet normal 0.83147 0.55557 0
    outer loop
      vertex 45.2311 34.65 2.4
      vertex 44.9767 35.0307 2.4
      vertex 44.9767 35.0307 9.4
    endloop
  endfacet
  facet normal 0.83147 0.55557 -0
    outer loop
      vertex 45.2311 34.65 2.4
      vertex 44.9767 35.0307 9.4
      vertex 45.2311 34.65 9.4
    endloop
  endfacet
  facet normal -0.83147 -0.55557 0
    outer loop
      vertex 43.4694 33.874 2.4
      vertex 43.5856 33.7 2.4
      vertex 43.5856 33.7 9.4
    endloop
  endfacet
  facet normal -0.83147 -0.55557 0
    outer loop
      vertex 43.4694 33.874 2.4
      vertex 43.5856 33.7 9.4
      vertex 43.4694 33.874 9.4
    endloop
  endfacet
  facet normal 0 0 1
    outer loop
      vertex 45.2311 34.65 9.4
      vertex 44.9767 35.0307 9.4
      vertex 43.4694 33.874 9.4
    endloop
  endfacet
  facet normal 0 0 1
    outer loop
      vertex 45.2311 34.65 9.4
      vertex 43.4694 33.874 9.4
      vertex 43.5856 33.7 9.4
    endloop
  endfacet
  facet normal 0 -0 -1
    outer loop
      vertex 44.9767 35.0307 2.4
      vertex 45.2311 34.65 2.4
      vertex 43.5856 33.7 2.4
    endloop
  endfacet
  facet normal 0 0 -1
    outer loop
      vertex 44.9767 35.0307 2.4
      vertex 43.5856 33.7 2.4
      vertex 43.4694 33.874 2.4
    endloop
  endfacet
  facet normal 0.75184 0.659346 0
    outer loop
      vertex 44.9767 35.0307 2.4
      vertex 44.6749 35.3749 2.4
      vertex 44.6749 35.3749 9.4
    endloop
  endfacet
  facet normal 0.75184 0.659346 -0
    outer loop
      vertex 44.9767 35.0307 2.4
      vertex 44.6749 35.3749 9.4
      vertex 44.9767 35.0307 9.4
    endloop
  endfacet
  facet normal -0.75184 -0.659346 0
    outer loop
      vertex 43.3314 34.0314 2.4
      vertex 43.4694 33.874 2.4
      vertex 43.4694 33.874 9.4
    endloop
  endfacet
  facet normal -0.75184 -0.659346 0
    outer loop
      vertex 43.3314 34.0314 2.4
      vertex 43.4694 33.874 9.4
      vertex 43.3314 34.0314 9.4
    endloop
  endfacet
  facet normal 0 0 1
    outer loop
      vertex 44.9767 35.0307 9.4
      vertex 44.6749 35.3749 9.4
      vertex 43.3314 34.0314 9.4
    endloop
  endfacet
  facet normal 0 0 1
    outer loop
      vertex 44.9767 35.0307 9.4
      vertex 43.3314 34.0314 9.4
      vertex 43.4694 33.874 9.4
    endloop
  endfacet
  facet normal 0 -0 -1
    outer loop
      vertex 44.6749 35.3749 2.4
      vertex 44.9767 35.0307 2.4
      vertex 43.4694 33.874 2.4
    endloop
  endfacet
  facet normal 0 0 -1
    outer loop
      vertex 44.6749 35.3749 2.4
      vertex 43.4694 33.874 2.4
      vertex 43.3314 34.0314 2.4
    endloop
  endfacet
  facet normal 0.659346 0.75184 0
    outer loop
      vertex 44.6749 35.3749 2.4
      vertex 44.3307 35.6767 2.4
      vertex 44.3307 35.6767 9.4
    endloop
  endfacet
  facet normal 0.659346 0.75184 -0
    outer loop
      vertex 44.6749 35.3749 2.4
      vertex 44.3307 35.6767 9.4
      vertex 44.6749 35.3749 9.4
    endloop
  endfacet
  facet normal -0.659346 -0.75184 0
    outer loop
      vertex 43.174 34.1694 2.4
      vertex 43.3314 34.0314 2.4
      vertex 43.3314 34.0314 9.4
    endloop
  endfacet
  facet normal -0.659346 -0.75184 0
    outer loop
      vertex 43.174 34.1694 2.4
      vertex 43.3314 34.0314 9.4
      vertex 43.174 34.1694 9.4
    endloop
  endfacet
  facet normal 0 0 1
    outer loop
      vertex 44.6749 35.3749 9.4
      vertex 44.3307 35.6767 9.4
      vertex 43.174 34.1694 9.4
    endloop
  endfacet
  facet normal 0 0 1
    outer loop
      vertex 44.6749 35.3749 9.4
      vertex 43.174 34.1694 9.4
      vertex 43.3314 34.0314 9.4
    endloop
  endfacet
  facet normal 0 -0 -1
    outer loop
      vertex 44.3307 35.6767 2.4
      vertex 44.6749 35.3749 2.4
      vertex 43.3314 34.0314 2.4
    endloop
  endfacet
  facet normal 0 0 -1
    outer loop
      vertex 44.3307 35.6767 2.4
      vertex 43.3314 34.0314 2.4
      vertex 43.174 34.1694 2.4
    endloop
  endfacet
  facet normal 0.55557 0.83147 0
    outer loop
      vertex 44.3307 35.6767 2.4
      vertex 43.95 35.9311 2.4
      vertex 43.95 35.9311 9.4
    endloop
  endfacet
  facet normal 0.55557 0.83147 -0
    outer loop
      vertex 44.3307 35.6767 2.4
      vertex 43.95 35.9311 9.4
      vertex 44.3307 35.6767 9.4
    endloop
  endfacet
  facet normal -0.55557 -0.83147 0
    outer loop
      vertex 43 34.2856 2.4
      vertex 43.174 34.1694 2.4
      vertex 43.174 34.1694 9.4
    endloop
  endfacet
  facet normal -0.55557 -0.83147 0
    outer loop
      vertex 43 34.2856 2.4
      vertex 43.174 34.1694 9.4
      vertex 43 34.2856 9.4
    endloop
  endfacet
  facet normal 0 0 1
    outer loop
      vertex 44.3307 35.6767 9.4
      vertex 43.95 35.9311 9.4
      vertex 43 34.2856 9.4
    endloop
  endfacet
  facet normal 0 0 1
    outer loop
      vertex 44.3307 35.6767 9.4
      vertex 43 34.2856 9.4
      vertex 43.174 34.1694 9.4
    endloop
  endfacet
  facet normal 0 -0 -1
    outer loop
      vertex 43.95 35.9311 2.4
      vertex 44.3307 35.6767 2.4
      vertex 43.174 34.1694 2.4
    endloop
  endfacet
  facet normal 0 0 -1
    outer loop
      vertex 43.95 35.9311 2.4
      vertex 43.174 34.1694 2.4
      vertex 43 34.2856 2.4
    endloop
  endfacet
  facet normal 0.442289 0.896873 0
    outer loop
      vertex 43.95 35.9311 2.4
      vertex 43.5394 36.1336 2.4
      vertex 43.5394 36.1336 9.4
    endloop
  endfacet
  facet normal 0.442289 0.896873 -0
    outer loop
      vertex 43.95 35.9311 2.4
      vertex 43.5394 36.1336 9.4
      vertex 43.95 35.9311 9.4
    endloop
  endfacet
  facet normal -0.442289 -0.896873 0
    outer loop
      vertex 42.8123 34.3782 2.4
      vertex 43 34.2856 2.4
      vertex 43 34.2856 9.4
    endloop
  endfacet
  facet normal -0.442289 -0.896873 0
    outer loop
      vertex 42.8123 34.3782 2.4
      vertex 43 34.2856 9.4
      vertex 42.8123 34.3782 9.4
    endloop
  endfacet
  facet normal 0 0 1
    outer loop
      vertex 43.95 35.9311 9.4
      vertex 43.5394 36.1336 9.4
      vertex 42.8123 34.3782 9.4
    endloop
  endfacet
  facet normal 0 0 1
    outer loop
      vertex 43.95 35.9311 9.4
      vertex 42.8123 34.3782 9.4
      vertex 43 34.2856 9.4
    endloop
  endfacet
  facet normal 0 -0 -1
    outer loop
      vertex 43.5394 36.1336 2.4
      vertex 43.95 35.9311 2.4
      vertex 43 34.2856 2.4
    endloop
  endfacet
  facet normal 0 0 -1
    outer loop
      vertex 43.5394 36.1336 2.4
      vertex 43 34.2856 2.4
      vertex 42.8123 34.3782 2.4
    endloop
  endfacet
  facet normal 0.321439 0.94693 0
    outer loop
      vertex 43.5394 36.1336 2.4
      vertex 43.1059 36.2807 2.4
      vertex 43.1059 36.2807 9.4
    endloop
  endfacet
  facet normal 0.321439 0.94693 -0
    outer loop
      vertex 43.5394 36.1336 2.4
      vertex 43.1059 36.2807 9.4
      vertex 43.5394 36.1336 9.4
    endloop
  endfacet
  facet normal -0.321439 -0.94693 0
    outer loop
      vertex 42.6141 34.4455 2.4
      vertex 42.8123 34.3782 2.4
      vertex 42.8123 34.3782 9.4
    endloop
  endfacet
  facet normal -0.321439 -0.94693 0
    outer loop
      vertex 42.6141 34.4455 2.4
      vertex 42.8123 34.3782 9.4
      vertex 42.6141 34.4455 9.4
    endloop
  endfacet
  facet normal 0 0 1
    outer loop
      vertex 43.5394 36.1336 9.4
      vertex 43.1059 36.2807 9.4
      vertex 42.6141 34.4455 9.4
    endloop
  endfacet
  facet normal 0 0 1
    outer loop
      vertex 43.5394 36.1336 9.4
      vertex 42.6141 34.4455 9.4
      vertex 42.8123 34.3782 9.4
    endloop
  endfacet
  facet normal 0 -0 -1
    outer loop
      vertex 43.1059 36.2807 2.4
      vertex 43.5394 36.1336 2.4
      vertex 42.8123 34.3782 2.4
    endloop
  endfacet
  facet normal 0 0 -1
    outer loop
      vertex 43.1059 36.2807 2.4
      vertex 42.8123 34.3782 2.4
      vertex 42.6141 34.4455 2.4
    endloop
  endfacet
  facet normal 0.19509 0.980785 0
    outer loop
      vertex 43.1059 36.2807 2.4
      vertex 42.6568 36.3701 2.4
      vertex 42.6568 36.3701 9.4
    endloop
  endfacet
  facet normal 0.19509 0.980785 -0
    outer loop
      vertex 43.1059 36.2807 2.4
      vertex 42.6568 36.3701 9.4
      vertex 43.1059 36.2807 9.4
    endloop
  endfacet
  facet normal -0.19509 -0.980785 0
    outer loop
      vertex 42.4088 34.4863 2.4
      vertex 42.6141 34.4455 2.4
      vertex 42.6141 34.4455 9.4
    endloop
  endfacet
  facet normal -0.19509 -0.980785 0
    outer loop
      vertex 42.4088 34.4863 2.4
      vertex 42.6141 34.4455 9.4
      vertex 42.4088 34.4863 9.4
    endloop
  endfacet
  facet normal 0 0 1
    outer loop
      vertex 43.1059 36.2807 9.4
      vertex 42.6568 36.3701 9.4
      vertex 42.4088 34.4863 9.4
    endloop
  endfacet
  facet normal 0 0 1
    outer loop
      vertex 43.1059 36.2807 9.4
      vertex 42.4088 34.4863 9.4
      vertex 42.6141 34.4455 9.4
    endloop
  endfacet
  facet normal 0 -0 -1
    outer loop
      vertex 42.6568 36.3701 2.4
      vertex 43.1059 36.2807 2.4
      vertex 42.6141 34.4455 2.4
    endloop
  endfacet
  facet normal 0 0 -1
    outer loop
      vertex 42.6568 36.3701 2.4
      vertex 42.6141 34.4455 2.4
      vertex 42.4088 34.4863 2.4
    endloop
  endfacet
  facet normal 0.0654031 0.997859 0
    outer loop
      vertex 42.6568 36.3701 2.4
      vertex 42.2 36.4 2.4
      vertex 42.2 36.4 9.4
    endloop
  endfacet
  facet normal 0.0654031 0.997859 -0
    outer loop
      vertex 42.6568 36.3701 2.4
      vertex 42.2 36.4 9.4
      vertex 42.6568 36.3701 9.4
    endloop
  endfacet
  facet normal -0.0654031 -0.997859 0
    outer loop
      vertex 42.2 34.5 2.4
      vertex 42.4088 34.4863 2.4
      vertex 42.4088 34.4863 9.4
    endloop
  endfacet
  facet normal -0.0654031 -0.997859 0
    outer loop
      vertex 42.2 34.5 2.4
      vertex 42.4088 34.4863 9.4
      vertex 42.2 34.5 9.4
    endloop
  endfacet
  facet normal 0 0 1
    outer loop
      vertex 42.6568 36.3701 9.4
      vertex 42.2 36.4 9.4
      vertex 42.2 34.5 9.4
    endloop
  endfacet
  facet normal 0 0 1
    outer loop
      vertex 42.6568 36.3701 9.4
      vertex 42.2 34.5 9.4
      vertex 42.4088 34.4863 9.4
    endloop
  endfacet
  facet normal 0 0 -1
    outer loop
      vertex 42.2 36.4 2.4
      vertex 42.6568 36.3701 2.4
      vertex 42.4088 34.4863 2.4
    endloop
  endfacet
  facet normal 0 0 -1
    outer loop
      vertex 42.2 36.4 2.4
      vertex 42.4088 34.4863 2.4
      vertex 42.2 34.5 2.4
    endloop
  endfacet
  facet normal -0.0654031 0.997859 0
    outer loop
      vertex 42.2 36.4 2.4
      vertex 41.7432 36.3701 2.4
      vertex 41.7432 36.3701 9.4
    endloop
  endfacet
  facet normal -0.0654031 0.997859 0
    outer loop
      vertex 42.2 36.4 2.4
      vertex 41.7432 36.3701 9.4
      vertex 42.2 36.4 9.4
    endloop
  endfacet
  facet normal 0.0654031 -0.997859 0
    outer loop
      vertex 41.9912 34.4863 2.4
      vertex 42.2 34.5 2.4
      vertex 42.2 34.5 9.4
    endloop
  endfacet
  facet normal 0.0654031 -0.997859 0
    outer loop
      vertex 41.9912 34.4863 2.4
      vertex 42.2 34.5 9.4
      vertex 41.9912 34.4863 9.4
    endloop
  endfacet
  facet normal 0 0 1
    outer loop
      vertex 42.2 36.4 9.4
      vertex 41.7432 36.3701 9.4
      vertex 41.9912 34.4863 9.4
    endloop
  endfacet
  facet normal 0 0 1
    outer loop
      vertex 42.2 36.4 9.4
      vertex 41.9912 34.4863 9.4
      vertex 42.2 34.5 9.4
    endloop
  endfacet
  facet normal 0 0 -1
    outer loop
      vertex 41.7432 36.3701 2.4
      vertex 42.2 36.4 2.4
      vertex 42.2 34.5 2.4
    endloop
  endfacet
  facet normal 0 0 -1
    outer loop
      vertex 41.7432 36.3701 2.4
      vertex 42.2 34.5 2.4
      vertex 41.9912 34.4863 2.4
    endloop
  endfacet
  facet normal -0.19509 0.980785 0
    outer loop
      vertex 41.7432 36.3701 2.4
      vertex 41.2941 36.2807 2.4
      vertex 41.2941 36.2807 9.4
    endloop
  endfacet
  facet normal -0.19509 0.980785 0
    outer loop
      vertex 41.7432 36.3701 2.4
      vertex 41.2941 36.2807 9.4
      vertex 41.7432 36.3701 9.4
    endloop
  endfacet
  facet normal 0.19509 -0.980785 0
    outer loop
      vertex 41.7859 34.4455 2.4
      vertex 41.9912 34.4863 2.4
      vertex 41.9912 34.4863 9.4
    endloop
  endfacet
  facet normal 0.19509 -0.980785 0
    outer loop
      vertex 41.7859 34.4455 2.4
      vertex 41.9912 34.4863 9.4
      vertex 41.7859 34.4455 9.4
    endloop
  endfacet
  facet normal 0 0 1
    outer loop
      vertex 41.7432 36.3701 9.4
      vertex 41.2941 36.2807 9.4
      vertex 41.7859 34.4455 9.4
    endloop
  endfacet
  facet normal 0 0 1
    outer loop
      vertex 41.7432 36.3701 9.4
      vertex 41.7859 34.4455 9.4
      vertex 41.9912 34.4863 9.4
    endloop
  endfacet
  facet normal 0 0 -1
    outer loop
      vertex 41.2941 36.2807 2.4
      vertex 41.7432 36.3701 2.4
      vertex 41.9912 34.4863 2.4
    endloop
  endfacet
  facet normal 0 0 -1
    outer loop
      vertex 41.2941 36.2807 2.4
      vertex 41.9912 34.4863 2.4
      vertex 41.7859 34.4455 2.4
    endloop
  endfacet
  facet normal -0.321439 0.94693 0
    outer loop
      vertex 41.2941 36.2807 2.4
      vertex 40.8606 36.1336 2.4
      vertex 40.8606 36.1336 9.4
    endloop
  endfacet
  facet normal -0.321439 0.94693 0
    outer loop
      vertex 41.2941 36.2807 2.4
      vertex 40.8606 36.1336 9.4
      vertex 41.2941 36.2807 9.4
    endloop
  endfacet
  facet normal 0.321439 -0.94693 0
    outer loop
      vertex 41.5877 34.3782 2.4
      vertex 41.7859 34.4455 2.4
      vertex 41.7859 34.4455 9.4
    endloop
  endfacet
  facet normal 0.321439 -0.94693 0
    outer loop
      vertex 41.5877 34.3782 2.4
      vertex 41.7859 34.4455 9.4
      vertex 41.5877 34.3782 9.4
    endloop
  endfacet
  facet normal 0 0 1
    outer loop
      vertex 41.2941 36.2807 9.4
      vertex 40.8606 36.1336 9.4
      vertex 41.5877 34.3782 9.4
    endloop
  endfacet
  facet normal 0 0 1
    outer loop
      vertex 41.2941 36.2807 9.4
      vertex 41.5877 34.3782 9.4
      vertex 41.7859 34.4455 9.4
    endloop
  endfacet
  facet normal 0 0 -1
    outer loop
      vertex 40.8606 36.1336 2.4
      vertex 41.2941 36.2807 2.4
      vertex 41.7859 34.4455 2.4
    endloop
  endfacet
  facet normal 0 0 -1
    outer loop
      vertex 40.8606 36.1336 2.4
      vertex 41.7859 34.4455 2.4
      vertex 41.5877 34.3782 2.4
    endloop
  endfacet
  facet normal -0.442289 0.896873 0
    outer loop
      vertex 40.8606 36.1336 2.4
      vertex 40.45 35.9311 2.4
      vertex 40.45 35.9311 9.4
    endloop
  endfacet
  facet normal -0.442289 0.896873 0
    outer loop
      vertex 40.8606 36.1336 2.4
      vertex 40.45 35.9311 9.4
      vertex 40.8606 36.1336 9.4
    endloop
  endfacet
  facet normal 0.442289 -0.896873 0
    outer loop
      vertex 41.4 34.2856 2.4
      vertex 41.5877 34.3782 2.4
      vertex 41.5877 34.3782 9.4
    endloop
  endfacet
  facet normal 0.442289 -0.896873 0
    outer loop
      vertex 41.4 34.2856 2.4
      vertex 41.5877 34.3782 9.4
      vertex 41.4 34.2856 9.4
    endloop
  endfacet
  facet normal 0 0 1
    outer loop
      vertex 40.8606 36.1336 9.4
      vertex 40.45 35.9311 9.4
      vertex 41.4 34.2856 9.4
    endloop
  endfacet
  facet normal 0 0 1
    outer loop
      vertex 40.8606 36.1336 9.4
      vertex 41.4 34.2856 9.4
      vertex 41.5877 34.3782 9.4
    endloop
  endfacet
  facet normal 0 0 -1
    outer loop
      vertex 40.45 35.9311 2.4
      vertex 40.8606 36.1336 2.4
      vertex 41.5877 34.3782 2.4
    endloop
  endfacet
  facet normal 0 0 -1
    outer loop
      vertex 40.45 35.9311 2.4
      vertex 41.5877 34.3782 2.4
      vertex 41.4 34.2856 2.4
    endloop
  endfacet
  facet normal -0.55557 0.83147 0
    outer loop
      vertex 40.45 35.9311 2.4
      vertex 40.0693 35.6767 2.4
      vertex 40.0693 35.6767 9.4
    endloop
  endfacet
  facet normal -0.55557 0.83147 0
    outer loop
      vertex 40.45 35.9311 2.4
      vertex 40.0693 35.6767 9.4
      vertex 40.45 35.9311 9.4
    endloop
  endfacet
  facet normal 0.55557 -0.83147 0
    outer loop
      vertex 41.226 34.1694 2.4
      vertex 41.4 34.2856 2.4
      vertex 41.4 34.2856 9.4
    endloop
  endfacet
  facet normal 0.55557 -0.83147 0
    outer loop
      vertex 41.226 34.1694 2.4
      vertex 41.4 34.2856 9.4
      vertex 41.226 34.1694 9.4
    endloop
  endfacet
  facet normal 0 0 1
    outer loop
      vertex 40.45 35.9311 9.4
      vertex 40.0693 35.6767 9.4
      vertex 41.226 34.1694 9.4
    endloop
  endfacet
  facet normal 0 0 1
    outer loop
      vertex 40.45 35.9311 9.4
      vertex 41.226 34.1694 9.4
      vertex 41.4 34.2856 9.4
    endloop
  endfacet
  facet normal 0 0 -1
    outer loop
      vertex 40.0693 35.6767 2.4
      vertex 40.45 35.9311 2.4
      vertex 41.4 34.2856 2.4
    endloop
  endfacet
  facet normal 0 0 -1
    outer loop
      vertex 40.0693 35.6767 2.4
      vertex 41.4 34.2856 2.4
      vertex 41.226 34.1694 2.4
    endloop
  endfacet
  facet normal -0.659346 0.75184 0
    outer loop
      vertex 40.0693 35.6767 2.4
      vertex 39.7251 35.3749 2.4
      vertex 39.7251 35.3749 9.4
    endloop
  endfacet
  facet normal -0.659346 0.75184 0
    outer loop
      vertex 40.0693 35.6767 2.4
      vertex 39.7251 35.3749 9.4
      vertex 40.0693 35.6767 9.4
    endloop
  endfacet
  facet normal 0.659346 -0.75184 0
    outer loop
      vertex 41.0686 34.0314 2.4
      vertex 41.226 34.1694 2.4
      vertex 41.226 34.1694 9.4
    endloop
  endfacet
  facet normal 0.659346 -0.75184 0
    outer loop
      vertex 41.0686 34.0314 2.4
      vertex 41.226 34.1694 9.4
      vertex 41.0686 34.0314 9.4
    endloop
  endfacet
  facet normal 0 0 1
    outer loop
      vertex 40.0693 35.6767 9.4
      vertex 39.7251 35.3749 9.4
      vertex 41.0686 34.0314 9.4
    endloop
  endfacet
  facet normal 0 0 1
    outer loop
      vertex 40.0693 35.6767 9.4
      vertex 41.0686 34.0314 9.4
      vertex 41.226 34.1694 9.4
    endloop
  endfacet
  facet normal 0 0 -1
    outer loop
      vertex 39.7251 35.3749 2.4
      vertex 40.0693 35.6767 2.4
      vertex 41.226 34.1694 2.4
    endloop
  endfacet
  facet normal 0 0 -1
    outer loop
      vertex 39.7251 35.3749 2.4
      vertex 41.226 34.1694 2.4
      vertex 41.0686 34.0314 2.4
    endloop
  endfacet
  facet normal -0.75184 0.659346 0
    outer loop
      vertex 39.7251 35.3749 2.4
      vertex 39.4233 35.0307 2.4
      vertex 39.4233 35.0307 9.4
    endloop
  endfacet
  facet normal -0.75184 0.659346 0
    outer loop
      vertex 39.7251 35.3749 2.4
      vertex 39.4233 35.0307 9.4
      vertex 39.7251 35.3749 9.4
    endloop
  endfacet
  facet normal 0.75184 -0.659346 0
    outer loop
      vertex 40.9306 33.874 2.4
      vertex 41.0686 34.0314 2.4
      vertex 41.0686 34.0314 9.4
    endloop
  endfacet
  facet normal 0.75184 -0.659346 0
    outer loop
      vertex 40.9306 33.874 2.4
      vertex 41.0686 34.0314 9.4
      vertex 40.9306 33.874 9.4
    endloop
  endfacet
  facet normal 0 0 1
    outer loop
      vertex 39.7251 35.3749 9.4
      vertex 39.4233 35.0307 9.4
      vertex 40.9306 33.874 9.4
    endloop
  endfacet
  facet normal 0 0 1
    outer loop
      vertex 39.7251 35.3749 9.4
      vertex 40.9306 33.874 9.4
      vertex 41.0686 34.0314 9.4
    endloop
  endfacet
  facet normal 0 0 -1
    outer loop
      vertex 39.4233 35.0307 2.4
      vertex 39.7251 35.3749 2.4
      vertex 41.0686 34.0314 2.4
    endloop
  endfacet
  facet normal 0 0 -1
    outer loop
      vertex 39.4233 35.0307 2.4
      vertex 41.0686 34.0314 2.4
      vertex 40.9306 33.874 2.4
    endloop
  endfacet
  facet normal -0.83147 0.55557 0
    outer loop
      vertex 39.4233 35.0307 2.4
      vertex 39.1689 34.65 2.4
      vertex 39.1689 34.65 9.4
    endloop
  endfacet
  facet normal -0.83147 0.55557 0
    outer loop
      vertex 39.4233 35.0307 2.4
      vertex 39.1689 34.65 9.4
      vertex 39.4233 35.0307 9.4
    endloop
  endfacet
  facet normal 0.83147 -0.55557 0
    outer loop
      vertex 40.8144 33.7 2.4
      vertex 40.9306 33.874 2.4
      vertex 40.9306 33.874 9.4
    endloop
  endfacet
  facet normal 0.83147 -0.55557 0
    outer loop
      vertex 40.8144 33.7 2.4
      vertex 40.9306 33.874 9.4
      vertex 40.8144 33.7 9.4
    endloop
  endfacet
  facet normal 0 0 1
    outer loop
      vertex 39.4233 35.0307 9.4
      vertex 39.1689 34.65 9.4
      vertex 40.8144 33.7 9.4
    endloop
  endfacet
  facet normal 0 0 1
    outer loop
      vertex 39.4233 35.0307 9.4
      vertex 40.8144 33.7 9.4
      vertex 40.9306 33.874 9.4
    endloop
  endfacet
  facet normal 0 0 -1
    outer loop
      vertex 39.1689 34.65 2.4
      vertex 39.4233 35.0307 2.4
      vertex 40.9306 33.874 2.4
    endloop
  endfacet
  facet normal 0 0 -1
    outer loop
      vertex 39.1689 34.65 2.4
      vertex 40.9306 33.874 2.4
      vertex 40.8144 33.7 2.4
    endloop
  endfacet
  facet normal -0.896873 0.442289 0
    outer loop
      vertex 39.1689 34.65 2.4
      vertex 38.9664 34.2394 2.4
      vertex 38.9664 34.2394 9.4
    endloop
  endfacet
  facet normal -0.896873 0.442289 0
    outer loop
      vertex 39.1689 34.65 2.4
      vertex 38.9664 34.2394 9.4
      vertex 39.1689 34.65 9.4
    endloop
  endfacet
  facet normal 0.896873 -0.442289 0
    outer loop
      vertex 40.7218 33.5123 2.4
      vertex 40.8144 33.7 2.4
      vertex 40.8144 33.7 9.4
    endloop
  endfacet
  facet normal 0.896873 -0.442289 0
    outer loop
      vertex 40.7218 33.5123 2.4
      vertex 40.8144 33.7 9.4
      vertex 40.7218 33.5123 9.4
    endloop
  endfacet
  facet normal 0 0 1
    outer loop
      vertex 39.1689 34.65 9.4
      vertex 38.9664 34.2394 9.4
      vertex 40.7218 33.5123 9.4
    endloop
  endfacet
  facet normal 0 0 1
    outer loop
      vertex 39.1689 34.65 9.4
      vertex 40.7218 33.5123 9.4
      vertex 40.8144 33.7 9.4
    endloop
  endfacet
  facet normal 0 0 -1
    outer loop
      vertex 38.9664 34.2394 2.4
      vertex 39.1689 34.65 2.4
      vertex 40.8144 33.7 2.4
    endloop
  endfacet
  facet normal 0 0 -1
    outer loop
      vertex 38.9664 34.2394 2.4
      vertex 40.8144 33.7 2.4
      vertex 40.7218 33.5123 2.4
    endloop
  endfacet
  facet normal -0.94693 0.321439 0
    outer loop
      vertex 38.9664 34.2394 2.4
      vertex 38.8193 33.8059 2.4
      vertex 38.8193 33.8059 9.4
    endloop
  endfacet
  facet normal -0.94693 0.321439 0
    outer loop
      vertex 38.9664 34.2394 2.4
      vertex 38.8193 33.8059 9.4
      vertex 38.9664 34.2394 9.4
    endloop
  endfacet
  facet normal 0.94693 -0.321439 0
    outer loop
      vertex 40.6545 33.3141 2.4
      vertex 40.7218 33.5123 2.4
      vertex 40.7218 33.5123 9.4
    endloop
  endfacet
  facet normal 0.94693 -0.321439 0
    outer loop
      vertex 40.6545 33.3141 2.4
      vertex 40.7218 33.5123 9.4
      vertex 40.6545 33.3141 9.4
    endloop
  endfacet
  facet normal 0 0 1
    outer loop
      vertex 38.9664 34.2394 9.4
      vertex 38.8193 33.8059 9.4
      vertex 40.6545 33.3141 9.4
    endloop
  endfacet
  facet normal 0 0 1
    outer loop
      vertex 38.9664 34.2394 9.4
      vertex 40.6545 33.3141 9.4
      vertex 40.7218 33.5123 9.4
    endloop
  endfacet
  facet normal 0 0 -1
    outer loop
      vertex 38.8193 33.8059 2.4
      vertex 38.9664 34.2394 2.4
      vertex 40.7218 33.5123 2.4
    endloop
  endfacet
  facet normal 0 0 -1
    outer loop
      vertex 38.8193 33.8059 2.4
      vertex 40.7218 33.5123 2.4
      vertex 40.6545 33.3141 2.4
    endloop
  endfacet
  facet normal -0.980785 0.19509 0
    outer loop
      vertex 38.8193 33.8059 2.4
      vertex 38.7299 33.3568 2.4
      vertex 38.7299 33.3568 9.4
    endloop
  endfacet
  facet normal -0.980785 0.19509 0
    outer loop
      vertex 38.8193 33.8059 2.4
      vertex 38.7299 33.3568 9.4
      vertex 38.8193 33.8059 9.4
    endloop
  endfacet
  facet normal 0.980785 -0.19509 0
    outer loop
      vertex 40.6137 33.1088 2.4
      vertex 40.6545 33.3141 2.4
      vertex 40.6545 33.3141 9.4
    endloop
  endfacet
  facet normal 0.980785 -0.19509 0
    outer loop
      vertex 40.6137 33.1088 2.4
      vertex 40.6545 33.3141 9.4
      vertex 40.6137 33.1088 9.4
    endloop
  endfacet
  facet normal 0 0 1
    outer loop
      vertex 38.8193 33.8059 9.4
      vertex 38.7299 33.3568 9.4
      vertex 40.6137 33.1088 9.4
    endloop
  endfacet
  facet normal 0 0 1
    outer loop
      vertex 38.8193 33.8059 9.4
      vertex 40.6137 33.1088 9.4
      vertex 40.6545 33.3141 9.4
    endloop
  endfacet
  facet normal 0 0 -1
    outer loop
      vertex 38.7299 33.3568 2.4
      vertex 38.8193 33.8059 2.4
      vertex 40.6545 33.3141 2.4
    endloop
  endfacet
  facet normal 0 0 -1
    outer loop
      vertex 38.7299 33.3568 2.4
      vertex 40.6545 33.3141 2.4
      vertex 40.6137 33.1088 2.4
    endloop
  endfacet
  facet normal -0.997859 0.0654031 0
    outer loop
      vertex 38.7299 33.3568 2.4
      vertex 38.7 32.9 2.4
      vertex 38.7 32.9 9.4
    endloop
  endfacet
  facet normal -0.997859 0.0654031 0
    outer loop
      vertex 38.7299 33.3568 2.4
      vertex 38.7 32.9 9.4
      vertex 38.7299 33.3568 9.4
    endloop
  endfacet
  facet normal 0.997859 -0.0654031 0
    outer loop
      vertex 40.6 32.9 2.4
      vertex 40.6137 33.1088 2.4
      vertex 40.6137 33.1088 9.4
    endloop
  endfacet
  facet normal 0.997859 -0.0654031 0
    outer loop
      vertex 40.6 32.9 2.4
      vertex 40.6137 33.1088 9.4
      vertex 40.6 32.9 9.4
    endloop
  endfacet
  facet normal 0 0 1
    outer loop
      vertex 38.7299 33.3568 9.4
      vertex 38.7 32.9 9.4
      vertex 40.6 32.9 9.4
    endloop
  endfacet
  facet normal 0 0 1
    outer loop
      vertex 38.7299 33.3568 9.4
      vertex 40.6 32.9 9.4
      vertex 40.6137 33.1088 9.4
    endloop
  endfacet
  facet normal 0 0 -1
    outer loop
      vertex 38.7 32.9 2.4
      vertex 38.7299 33.3568 2.4
      vertex 40.6137 33.1088 2.4
    endloop
  endfacet
  facet normal 0 0 -1
    outer loop
      vertex 38.7 32.9 2.4
      vertex 40.6137 33.1088 2.4
      vertex 40.6 32.9 2.4
    endloop
  endfacet
  facet normal -0.997859 -0.0654031 0
    outer loop
      vertex 38.7 32.9 2.4
      vertex 38.7299 32.4432 2.4
      vertex 38.7299 32.4432 9.4
    endloop
  endfacet
  facet normal -0.997859 -0.0654031 0
    outer loop
      vertex 38.7 32.9 2.4
      vertex 38.7299 32.4432 9.4
      vertex 38.7 32.9 9.4
    endloop
  endfacet
  facet normal 0.997859 0.0654031 0
    outer loop
      vertex 40.6137 32.6912 2.4
      vertex 40.6 32.9 2.4
      vertex 40.6 32.9 9.4
    endloop
  endfacet
  facet normal 0.997859 0.0654031 -0
    outer loop
      vertex 40.6137 32.6912 2.4
      vertex 40.6 32.9 9.4
      vertex 40.6137 32.6912 9.4
    endloop
  endfacet
  facet normal 0 0 1
    outer loop
      vertex 38.7 32.9 9.4
      vertex 38.7299 32.4432 9.4
      vertex 40.6137 32.6912 9.4
    endloop
  endfacet
  facet normal -0 0 1
    outer loop
      vertex 38.7 32.9 9.4
      vertex 40.6137 32.6912 9.4
      vertex 40.6 32.9 9.4
    endloop
  endfacet
  facet normal 0 0 -1
    outer loop
      vertex 38.7299 32.4432 2.4
      vertex 38.7 32.9 2.4
      vertex 40.6 32.9 2.4
    endloop
  endfacet
  facet normal 0 0 -1
    outer loop
      vertex 38.7299 32.4432 2.4
      vertex 40.6 32.9 2.4
      vertex 40.6137 32.6912 2.4
    endloop
  endfacet
  facet normal -0.980785 -0.19509 0
    outer loop
      vertex 38.7299 32.4432 2.4
      vertex 38.8193 31.9941 2.4
      vertex 38.8193 31.9941 9.4
    endloop
  endfacet
  facet normal -0.980785 -0.19509 0
    outer loop
      vertex 38.7299 32.4432 2.4
      vertex 38.8193 31.9941 9.4
      vertex 38.7299 32.4432 9.4
    endloop
  endfacet
  facet normal 0.980785 0.19509 0
    outer loop
      vertex 40.6545 32.4859 2.4
      vertex 40.6137 32.6912 2.4
      vertex 40.6137 32.6912 9.4
    endloop
  endfacet
  facet normal 0.980785 0.19509 -0
    outer loop
      vertex 40.6545 32.4859 2.4
      vertex 40.6137 32.6912 9.4
      vertex 40.6545 32.4859 9.4
    endloop
  endfacet
  facet normal -0 0 1
    outer loop
      vertex 38.7299 32.4432 9.4
      vertex 38.8193 31.9941 9.4
      vertex 40.6545 32.4859 9.4
    endloop
  endfacet
  facet normal 0 0 1
    outer loop
      vertex 38.7299 32.4432 9.4
      vertex 40.6545 32.4859 9.4
      vertex 40.6137 32.6912 9.4
    endloop
  endfacet
  facet normal 0 0 -1
    outer loop
      vertex 38.8193 31.9941 2.4
      vertex 38.7299 32.4432 2.4
      vertex 40.6137 32.6912 2.4
    endloop
  endfacet
  facet normal 0 0 -1
    outer loop
      vertex 38.8193 31.9941 2.4
      vertex 40.6137 32.6912 2.4
      vertex 40.6545 32.4859 2.4
    endloop
  endfacet
  facet normal -0.94693 -0.321439 0
    outer loop
      vertex 38.8193 31.9941 2.4
      vertex 38.9664 31.5606 2.4
      vertex 38.9664 31.5606 9.4
    endloop
  endfacet
  facet normal -0.94693 -0.321439 0
    outer loop
      vertex 38.8193 31.9941 2.4
      vertex 38.9664 31.5606 9.4
      vertex 38.8193 31.9941 9.4
    endloop
  endfacet
  facet normal 0.94693 0.321439 0
    outer loop
      vertex 40.7218 32.2877 2.4
      vertex 40.6545 32.4859 2.4
      vertex 40.6545 32.4859 9.4
    endloop
  endfacet
  facet normal 0.94693 0.321439 -0
    outer loop
      vertex 40.7218 32.2877 2.4
      vertex 40.6545 32.4859 9.4
      vertex 40.7218 32.2877 9.4
    endloop
  endfacet
  facet normal -0 0 1
    outer loop
      vertex 38.8193 31.9941 9.4
      vertex 38.9664 31.5606 9.4
      vertex 40.7218 32.2877 9.4
    endloop
  endfacet
  facet normal 0 0 1
    outer loop
      vertex 38.8193 31.9941 9.4
      vertex 40.7218 32.2877 9.4
      vertex 40.6545 32.4859 9.4
    endloop
  endfacet
  facet normal 0 0 -1
    outer loop
      vertex 38.9664 31.5606 2.4
      vertex 38.8193 31.9941 2.4
      vertex 40.6545 32.4859 2.4
    endloop
  endfacet
  facet normal 0 0 -1
    outer loop
      vertex 38.9664 31.5606 2.4
      vertex 40.6545 32.4859 2.4
      vertex 40.7218 32.2877 2.4
    endloop
  endfacet
  facet normal -0.896873 -0.442289 0
    outer loop
      vertex 38.9664 31.5606 2.4
      vertex 39.1689 31.15 2.4
      vertex 39.1689 31.15 9.4
    endloop
  endfacet
  facet normal -0.896873 -0.442289 0
    outer loop
      vertex 38.9664 31.5606 2.4
      vertex 39.1689 31.15 9.4
      vertex 38.9664 31.5606 9.4
    endloop
  endfacet
  facet normal 0.896873 0.442289 0
    outer loop
      vertex 40.8144 32.1 2.4
      vertex 40.7218 32.2877 2.4
      vertex 40.7218 32.2877 9.4
    endloop
  endfacet
  facet normal 0.896873 0.442289 -0
    outer loop
      vertex 40.8144 32.1 2.4
      vertex 40.7218 32.2877 9.4
      vertex 40.8144 32.1 9.4
    endloop
  endfacet
  facet normal -0 0 1
    outer loop
      vertex 38.9664 31.5606 9.4
      vertex 39.1689 31.15 9.4
      vertex 40.8144 32.1 9.4
    endloop
  endfacet
  facet normal 0 0 1
    outer loop
      vertex 38.9664 31.5606 9.4
      vertex 40.8144 32.1 9.4
      vertex 40.7218 32.2877 9.4
    endloop
  endfacet
  facet normal 0 0 -1
    outer loop
      vertex 39.1689 31.15 2.4
      vertex 38.9664 31.5606 2.4
      vertex 40.7218 32.2877 2.4
    endloop
  endfacet
  facet normal 0 0 -1
    outer loop
      vertex 39.1689 31.15 2.4
      vertex 40.7218 32.2877 2.4
      vertex 40.8144 32.1 2.4
    endloop
  endfacet
  facet normal -0.83147 -0.55557 0
    outer loop
      vertex 39.1689 31.15 2.4
      vertex 39.4233 30.7693 2.4
      vertex 39.4233 30.7693 9.4
    endloop
  endfacet
  facet normal -0.83147 -0.55557 0
    outer loop
      vertex 39.1689 31.15 2.4
      vertex 39.4233 30.7693 9.4
      vertex 39.1689 31.15 9.4
    endloop
  endfacet
  facet normal 0.83147 0.55557 0
    outer loop
      vertex 40.9306 31.926 2.4
      vertex 40.8144 32.1 2.4
      vertex 40.8144 32.1 9.4
    endloop
  endfacet
  facet normal 0.83147 0.55557 -0
    outer loop
      vertex 40.9306 31.926 2.4
      vertex 40.8144 32.1 9.4
      vertex 40.9306 31.926 9.4
    endloop
  endfacet
  facet normal -0 0 1
    outer loop
      vertex 39.1689 31.15 9.4
      vertex 39.4233 30.7693 9.4
      vertex 40.9306 31.926 9.4
    endloop
  endfacet
  facet normal 0 0 1
    outer loop
      vertex 39.1689 31.15 9.4
      vertex 40.9306 31.926 9.4
      vertex 40.8144 32.1 9.4
    endloop
  endfacet
  facet normal 0 0 -1
    outer loop
      vertex 39.4233 30.7693 2.4
      vertex 39.1689 31.15 2.4
      vertex 40.8144 32.1 2.4
    endloop
  endfacet
  facet normal 0 0 -1
    outer loop
      vertex 39.4233 30.7693 2.4
      vertex 40.8144 32.1 2.4
      vertex 40.9306 31.926 2.4
    endloop
  endfacet
  facet normal -0.75184 -0.659346 0
    outer loop
      vertex 39.4233 30.7693 2.4
      vertex 39.7251 30.4251 2.4
      vertex 39.7251 30.4251 9.4
    endloop
  endfacet
  facet normal -0.75184 -0.659346 0
    outer loop
      vertex 39.4233 30.7693 2.4
      vertex 39.7251 30.4251 9.4
      vertex 39.4233 30.7693 9.4
    endloop
  endfacet
  facet normal 0.75184 0.659346 0
    outer loop
      vertex 41.0686 31.7686 2.4
      vertex 40.9306 31.926 2.4
      vertex 40.9306 31.926 9.4
    endloop
  endfacet
  facet normal 0.75184 0.659346 -0
    outer loop
      vertex 41.0686 31.7686 2.4
      vertex 40.9306 31.926 9.4
      vertex 41.0686 31.7686 9.4
    endloop
  endfacet
  facet normal -0 0 1
    outer loop
      vertex 39.4233 30.7693 9.4
      vertex 39.7251 30.4251 9.4
      vertex 41.0686 31.7686 9.4
    endloop
  endfacet
  facet normal 0 0 1
    outer loop
      vertex 39.4233 30.7693 9.4
      vertex 41.0686 31.7686 9.4
      vertex 40.9306 31.926 9.4
    endloop
  endfacet
  facet normal 0 0 -1
    outer loop
      vertex 39.7251 30.4251 2.4
      vertex 39.4233 30.7693 2.4
      vertex 40.9306 31.926 2.4
    endloop
  endfacet
  facet normal 0 0 -1
    outer loop
      vertex 39.7251 30.4251 2.4
      vertex 40.9306 31.926 2.4
      vertex 41.0686 31.7686 2.4
    endloop
  endfacet
  facet normal -0.659346 -0.75184 0
    outer loop
      vertex 39.7251 30.4251 2.4
      vertex 40.0693 30.1233 2.4
      vertex 40.0693 30.1233 9.4
    endloop
  endfacet
  facet normal -0.659346 -0.75184 0
    outer loop
      vertex 39.7251 30.4251 2.4
      vertex 40.0693 30.1233 9.4
      vertex 39.7251 30.4251 9.4
    endloop
  endfacet
  facet normal 0.659346 0.75184 0
    outer loop
      vertex 41.226 31.6306 2.4
      vertex 41.0686 31.7686 2.4
      vertex 41.0686 31.7686 9.4
    endloop
  endfacet
  facet normal 0.659346 0.75184 -0
    outer loop
      vertex 41.226 31.6306 2.4
      vertex 41.0686 31.7686 9.4
      vertex 41.226 31.6306 9.4
    endloop
  endfacet
  facet normal -0 0 1
    outer loop
      vertex 39.7251 30.4251 9.4
      vertex 40.0693 30.1233 9.4
      vertex 41.226 31.6306 9.4
    endloop
  endfacet
  facet normal 0 0 1
    outer loop
      vertex 39.7251 30.4251 9.4
      vertex 41.226 31.6306 9.4
      vertex 41.0686 31.7686 9.4
    endloop
  endfacet
  facet normal 0 0 -1
    outer loop
      vertex 40.0693 30.1233 2.4
      vertex 39.7251 30.4251 2.4
      vertex 41.0686 31.7686 2.4
    endloop
  endfacet
  facet normal 0 0 -1
    outer loop
      vertex 40.0693 30.1233 2.4
      vertex 41.0686 31.7686 2.4
      vertex 41.226 31.6306 2.4
    endloop
  endfacet
  facet normal -0.55557 -0.83147 0
    outer loop
      vertex 40.0693 30.1233 2.4
      vertex 40.45 29.8689 2.4
      vertex 40.45 29.8689 9.4
    endloop
  endfacet
  facet normal -0.55557 -0.83147 0
    outer loop
      vertex 40.0693 30.1233 2.4
      vertex 40.45 29.8689 9.4
      vertex 40.0693 30.1233 9.4
    endloop
  endfacet
  facet normal 0.55557 0.83147 0
    outer loop
      vertex 41.4 31.5144 2.4
      vertex 41.226 31.6306 2.4
      vertex 41.226 31.6306 9.4
    endloop
  endfacet
  facet normal 0.55557 0.83147 -0
    outer loop
      vertex 41.4 31.5144 2.4
      vertex 41.226 31.6306 9.4
      vertex 41.4 31.5144 9.4
    endloop
  endfacet
  facet normal -0 0 1
    outer loop
      vertex 40.0693 30.1233 9.4
      vertex 40.45 29.8689 9.4
      vertex 41.4 31.5144 9.4
    endloop
  endfacet
  facet normal 0 0 1
    outer loop
      vertex 40.0693 30.1233 9.4
      vertex 41.4 31.5144 9.4
      vertex 41.226 31.6306 9.4
    endloop
  endfacet
  facet normal 0 0 -1
    outer loop
      vertex 40.45 29.8689 2.4
      vertex 40.0693 30.1233 2.4
      vertex 41.226 31.6306 2.4
    endloop
  endfacet
  facet normal 0 0 -1
    outer loop
      vertex 40.45 29.8689 2.4
      vertex 41.226 31.6306 2.4
      vertex 41.4 31.5144 2.4
    endloop
  endfacet
  facet normal -0.442289 -0.896873 0
    outer loop
      vertex 40.45 29.8689 2.4
      vertex 40.8606 29.6664 2.4
      vertex 40.8606 29.6664 9.4
    endloop
  endfacet
  facet normal -0.442289 -0.896873 0
    outer loop
      vertex 40.45 29.8689 2.4
      vertex 40.8606 29.6664 9.4
      vertex 40.45 29.8689 9.4
    endloop
  endfacet
  facet normal 0.442289 0.896873 0
    outer loop
      vertex 41.5877 31.4218 2.4
      vertex 41.4 31.5144 2.4
      vertex 41.4 31.5144 9.4
    endloop
  endfacet
  facet normal 0.442289 0.896873 -0
    outer loop
      vertex 41.5877 31.4218 2.4
      vertex 41.4 31.5144 9.4
      vertex 41.5877 31.4218 9.4
    endloop
  endfacet
  facet normal -0 0 1
    outer loop
      vertex 40.45 29.8689 9.4
      vertex 40.8606 29.6664 9.4
      vertex 41.5877 31.4218 9.4
    endloop
  endfacet
  facet normal 0 0 1
    outer loop
      vertex 40.45 29.8689 9.4
      vertex 41.5877 31.4218 9.4
      vertex 41.4 31.5144 9.4
    endloop
  endfacet
  facet normal 0 0 -1
    outer loop
      vertex 40.8606 29.6664 2.4
      vertex 40.45 29.8689 2.4
      vertex 41.4 31.5144 2.4
    endloop
  endfacet
  facet normal 0 0 -1
    outer loop
      vertex 40.8606 29.6664 2.4
      vertex 41.4 31.5144 2.4
      vertex 41.5877 31.4218 2.4
    endloop
  endfacet
  facet normal -0.321439 -0.94693 0
    outer loop
      vertex 40.8606 29.6664 2.4
      vertex 41.2941 29.5193 2.4
      vertex 41.2941 29.5193 9.4
    endloop
  endfacet
  facet normal -0.321439 -0.94693 0
    outer loop
      vertex 40.8606 29.6664 2.4
      vertex 41.2941 29.5193 9.4
      vertex 40.8606 29.6664 9.4
    endloop
  endfacet
  facet normal 0.321439 0.94693 0
    outer loop
      vertex 41.7859 31.3545 2.4
      vertex 41.5877 31.4218 2.4
      vertex 41.5877 31.4218 9.4
    endloop
  endfacet
  facet normal 0.321439 0.94693 -0
    outer loop
      vertex 41.7859 31.3545 2.4
      vertex 41.5877 31.4218 9.4
      vertex 41.7859 31.3545 9.4
    endloop
  endfacet
  facet normal -0 0 1
    outer loop
      vertex 40.8606 29.6664 9.4
      vertex 41.2941 29.5193 9.4
      vertex 41.7859 31.3545 9.4
    endloop
  endfacet
  facet normal 0 0 1
    outer loop
      vertex 40.8606 29.6664 9.4
      vertex 41.7859 31.3545 9.4
      vertex 41.5877 31.4218 9.4
    endloop
  endfacet
  facet normal 0 0 -1
    outer loop
      vertex 41.2941 29.5193 2.4
      vertex 40.8606 29.6664 2.4
      vertex 41.5877 31.4218 2.4
    endloop
  endfacet
  facet normal 0 0 -1
    outer loop
      vertex 41.2941 29.5193 2.4
      vertex 41.5877 31.4218 2.4
      vertex 41.7859 31.3545 2.4
    endloop
  endfacet
  facet normal -0.19509 -0.980785 0
    outer loop
      vertex 41.2941 29.5193 2.4
      vertex 41.7432 29.4299 2.4
      vertex 41.7432 29.4299 9.4
    endloop
  endfacet
  facet normal -0.19509 -0.980785 0
    outer loop
      vertex 41.2941 29.5193 2.4
      vertex 41.7432 29.4299 9.4
      vertex 41.2941 29.5193 9.4
    endloop
  endfacet
  facet normal 0.19509 0.980785 0
    outer loop
      vertex 41.9912 31.3137 2.4
      vertex 41.7859 31.3545 2.4
      vertex 41.7859 31.3545 9.4
    endloop
  endfacet
  facet normal 0.19509 0.980785 -0
    outer loop
      vertex 41.9912 31.3137 2.4
      vertex 41.7859 31.3545 9.4
      vertex 41.9912 31.3137 9.4
    endloop
  endfacet
  facet normal -0 0 1
    outer loop
      vertex 41.2941 29.5193 9.4
      vertex 41.7432 29.4299 9.4
      vertex 41.9912 31.3137 9.4
    endloop
  endfacet
  facet normal 0 0 1
    outer loop
      vertex 41.2941 29.5193 9.4
      vertex 41.9912 31.3137 9.4
      vertex 41.7859 31.3545 9.4
    endloop
  endfacet
  facet normal 0 0 -1
    outer loop
      vertex 41.7432 29.4299 2.4
      vertex 41.2941 29.5193 2.4
      vertex 41.7859 31.3545 2.4
    endloop
  endfacet
  facet normal 0 0 -1
    outer loop
      vertex 41.7432 29.4299 2.4
      vertex 41.7859 31.3545 2.4
      vertex 41.9912 31.3137 2.4
    endloop
  endfacet
  facet normal -0.0654031 -0.997859 0
    outer loop
      vertex 41.7432 29.4299 2.4
      vertex 42.2 29.4 2.4
      vertex 42.2 29.4 9.4
    endloop
  endfacet
  facet normal -0.0654031 -0.997859 0
    outer loop
      vertex 41.7432 29.4299 2.4
      vertex 42.2 29.4 9.4
      vertex 41.7432 29.4299 9.4
    endloop
  endfacet
  facet normal 0.0654031 0.997859 0
    outer loop
      vertex 42.2 31.3 2.4
      vertex 41.9912 31.3137 2.4
      vertex 41.9912 31.3137 9.4
    endloop
  endfacet
  facet normal 0.0654031 0.997859 -0
    outer loop
      vertex 42.2 31.3 2.4
      vertex 41.9912 31.3137 9.4
      vertex 42.2 31.3 9.4
    endloop
  endfacet
  facet normal -0 0 1
    outer loop
      vertex 41.7432 29.4299 9.4
      vertex 42.2 29.4 9.4
      vertex 42.2 31.3 9.4
    endloop
  endfacet
  facet normal 0 0 1
    outer loop
      vertex 41.7432 29.4299 9.4
      vertex 42.2 31.3 9.4
      vertex 41.9912 31.3137 9.4
    endloop
  endfacet
  facet normal 0 0 -1
    outer loop
      vertex 42.2 29.4 2.4
      vertex 41.7432 29.4299 2.4
      vertex 41.9912 31.3137 2.4
    endloop
  endfacet
  facet normal 0 0 -1
    outer loop
      vertex 42.2 29.4 2.4
      vertex 41.9912 31.3137 2.4
      vertex 42.2 31.3 2.4
    endloop
  endfacet
  facet normal 0.0654031 -0.997859 0
    outer loop
      vertex 42.2 29.4 2.4
      vertex 42.6568 29.4299 2.4
      vertex 42.6568 29.4299 9.4
    endloop
  endfacet
  facet normal 0.0654031 -0.997859 0
    outer loop
      vertex 42.2 29.4 2.4
      vertex 42.6568 29.4299 9.4
      vertex 42.2 29.4 9.4
    endloop
  endfacet
  facet normal -0.0654031 0.997859 0
    outer loop
      vertex 42.4088 31.3137 2.4
      vertex 42.2 31.3 2.4
      vertex 42.2 31.3 9.4
    endloop
  endfacet
  facet normal -0.0654031 0.997859 0
    outer loop
      vertex 42.4088 31.3137 2.4
      vertex 42.2 31.3 9.4
      vertex 42.4088 31.3137 9.4
    endloop
  endfacet
  facet normal 0 0 1
    outer loop
      vertex 42.2 29.4 9.4
      vertex 42.6568 29.4299 9.4
      vertex 42.4088 31.3137 9.4
    endloop
  endfacet
  facet normal 0 0 1
    outer loop
      vertex 42.2 29.4 9.4
      vertex 42.4088 31.3137 9.4
      vertex 42.2 31.3 9.4
    endloop
  endfacet
  facet normal -0 0 -1
    outer loop
      vertex 42.6568 29.4299 2.4
      vertex 42.2 29.4 2.4
      vertex 42.2 31.3 2.4
    endloop
  endfacet
  facet normal 0 0 -1
    outer loop
      vertex 42.6568 29.4299 2.4
      vertex 42.2 31.3 2.4
      vertex 42.4088 31.3137 2.4
    endloop
  endfacet
  facet normal 0.19509 -0.980785 0
    outer loop
      vertex 42.6568 29.4299 2.4
      vertex 43.1059 29.5193 2.4
      vertex 43.1059 29.5193 9.4
    endloop
  endfacet
  facet normal 0.19509 -0.980785 0
    outer loop
      vertex 42.6568 29.4299 2.4
      vertex 43.1059 29.5193 9.4
      vertex 42.6568 29.4299 9.4
    endloop
  endfacet
  facet normal -0.19509 0.980785 0
    outer loop
      vertex 42.6141 31.3545 2.4
      vertex 42.4088 31.3137 2.4
      vertex 42.4088 31.3137 9.4
    endloop
  endfacet
  facet normal -0.19509 0.980785 0
    outer loop
      vertex 42.6141 31.3545 2.4
      vertex 42.4088 31.3137 9.4
      vertex 42.6141 31.3545 9.4
    endloop
  endfacet
  facet normal 0 -0 1
    outer loop
      vertex 42.6568 29.4299 9.4
      vertex 43.1059 29.5193 9.4
      vertex 42.6141 31.3545 9.4
    endloop
  endfacet
  facet normal 0 0 1
    outer loop
      vertex 42.6568 29.4299 9.4
      vertex 42.6141 31.3545 9.4
      vertex 42.4088 31.3137 9.4
    endloop
  endfacet
  facet normal -0 0 -1
    outer loop
      vertex 43.1059 29.5193 2.4
      vertex 42.6568 29.4299 2.4
      vertex 42.4088 31.3137 2.4
    endloop
  endfacet
  facet normal 0 0 -1
    outer loop
      vertex 43.1059 29.5193 2.4
      vertex 42.4088 31.3137 2.4
      vertex 42.6141 31.3545 2.4
    endloop
  endfacet
  facet normal 0.321439 -0.94693 0
    outer loop
      vertex 43.1059 29.5193 2.4
      vertex 43.5394 29.6664 2.4
      vertex 43.5394 29.6664 9.4
    endloop
  endfacet
  facet normal 0.321439 -0.94693 0
    outer loop
      vertex 43.1059 29.5193 2.4
      vertex 43.5394 29.6664 9.4
      vertex 43.1059 29.5193 9.4
    endloop
  endfacet
  facet normal -0.321439 0.94693 0
    outer loop
      vertex 42.8123 31.4218 2.4
      vertex 42.6141 31.3545 2.4
      vertex 42.6141 31.3545 9.4
    endloop
  endfacet
  facet normal -0.321439 0.94693 0
    outer loop
      vertex 42.8123 31.4218 2.4
      vertex 42.6141 31.3545 9.4
      vertex 42.8123 31.4218 9.4
    endloop
  endfacet
  facet normal 0 -0 1
    outer loop
      vertex 43.1059 29.5193 9.4
      vertex 43.5394 29.6664 9.4
      vertex 42.8123 31.4218 9.4
    endloop
  endfacet
  facet normal 0 0 1
    outer loop
      vertex 43.1059 29.5193 9.4
      vertex 42.8123 31.4218 9.4
      vertex 42.6141 31.3545 9.4
    endloop
  endfacet
  facet normal -0 0 -1
    outer loop
      vertex 43.5394 29.6664 2.4
      vertex 43.1059 29.5193 2.4
      vertex 42.6141 31.3545 2.4
    endloop
  endfacet
  facet normal 0 0 -1
    outer loop
      vertex 43.5394 29.6664 2.4
      vertex 42.6141 31.3545 2.4
      vertex 42.8123 31.4218 2.4
    endloop
  endfacet
  facet normal 0.442289 -0.896873 0
    outer loop
      vertex 43.5394 29.6664 2.4
      vertex 43.95 29.8689 2.4
      vertex 43.95 29.8689 9.4
    endloop
  endfacet
  facet normal 0.442289 -0.896873 0
    outer loop
      vertex 43.5394 29.6664 2.4
      vertex 43.95 29.8689 9.4
      vertex 43.5394 29.6664 9.4
    endloop
  endfacet
  facet normal -0.442289 0.896873 0
    outer loop
      vertex 43 31.5144 2.4
      vertex 42.8123 31.4218 2.4
      vertex 42.8123 31.4218 9.4
    endloop
  endfacet
  facet normal -0.442289 0.896873 0
    outer loop
      vertex 43 31.5144 2.4
      vertex 42.8123 31.4218 9.4
      vertex 43 31.5144 9.4
    endloop
  endfacet
  facet normal 0 -0 1
    outer loop
      vertex 43.5394 29.6664 9.4
      vertex 43.95 29.8689 9.4
      vertex 43 31.5144 9.4
    endloop
  endfacet
  facet normal 0 0 1
    outer loop
      vertex 43.5394 29.6664 9.4
      vertex 43 31.5144 9.4
      vertex 42.8123 31.4218 9.4
    endloop
  endfacet
  facet normal -0 0 -1
    outer loop
      vertex 43.95 29.8689 2.4
      vertex 43.5394 29.6664 2.4
      vertex 42.8123 31.4218 2.4
    endloop
  endfacet
  facet normal 0 0 -1
    outer loop
      vertex 43.95 29.8689 2.4
      vertex 42.8123 31.4218 2.4
      vertex 43 31.5144 2.4
    endloop
  endfacet
  facet normal 0.55557 -0.83147 0
    outer loop
      vertex 43.95 29.8689 2.4
      vertex 44.3307 30.1233 2.4
      vertex 44.3307 30.1233 9.4
    endloop
  endfacet
  facet normal 0.55557 -0.83147 0
    outer loop
      vertex 43.95 29.8689 2.4
      vertex 44.3307 30.1233 9.4
      vertex 43.95 29.8689 9.4
    endloop
  endfacet
  facet normal -0.55557 0.83147 0
    outer loop
      vertex 43.174 31.6306 2.4
      vertex 43 31.5144 2.4
      vertex 43 31.5144 9.4
    endloop
  endfacet
  facet normal -0.55557 0.83147 0
    outer loop
      vertex 43.174 31.6306 2.4
      vertex 43 31.5144 9.4
      vertex 43.174 31.6306 9.4
    endloop
  endfacet
  facet normal 0 -0 1
    outer loop
      vertex 43.95 29.8689 9.4
      vertex 44.3307 30.1233 9.4
      vertex 43.174 31.6306 9.4
    endloop
  endfacet
  facet normal 0 0 1
    outer loop
      vertex 43.95 29.8689 9.4
      vertex 43.174 31.6306 9.4
      vertex 43 31.5144 9.4
    endloop
  endfacet
  facet normal -0 0 -1
    outer loop
      vertex 44.3307 30.1233 2.4
      vertex 43.95 29.8689 2.4
      vertex 43 31.5144 2.4
    endloop
  endfacet
  facet normal 0 0 -1
    outer loop
      vertex 44.3307 30.1233 2.4
      vertex 43 31.5144 2.4
      vertex 43.174 31.6306 2.4
    endloop
  endfacet
  facet normal 0.659346 -0.75184 0
    outer loop
      vertex 44.3307 30.1233 2.4
      vertex 44.6749 30.4251 2.4
      vertex 44.6749 30.4251 9.4
    endloop
  endfacet
  facet normal 0.659346 -0.75184 0
    outer loop
      vertex 44.3307 30.1233 2.4
      vertex 44.6749 30.4251 9.4
      vertex 44.3307 30.1233 9.4
    endloop
  endfacet
  facet normal -0.659346 0.75184 0
    outer loop
      vertex 43.3314 31.7686 2.4
      vertex 43.174 31.6306 2.4
      vertex 43.174 31.6306 9.4
    endloop
  endfacet
  facet normal -0.659346 0.75184 0
    outer loop
      vertex 43.3314 31.7686 2.4
      vertex 43.174 31.6306 9.4
      vertex 43.3314 31.7686 9.4
    endloop
  endfacet
  facet normal 0 -0 1
    outer loop
      vertex 44.3307 30.1233 9.4
      vertex 44.6749 30.4251 9.4
      vertex 43.3314 31.7686 9.4
    endloop
  endfacet
  facet normal 0 0 1
    outer loop
      vertex 44.3307 30.1233 9.4
      vertex 43.3314 31.7686 9.4
      vertex 43.174 31.6306 9.4
    endloop
  endfacet
  facet normal -0 0 -1
    outer loop
      vertex 44.6749 30.4251 2.4
      vertex 44.3307 30.1233 2.4
      vertex 43.174 31.6306 2.4
    endloop
  endfacet
  facet normal 0 0 -1
    outer loop
      vertex 44.6749 30.4251 2.4
      vertex 43.174 31.6306 2.4
      vertex 43.3314 31.7686 2.4
    endloop
  endfacet
  facet normal 0.75184 -0.659346 0
    outer loop
      vertex 44.6749 30.4251 2.4
      vertex 44.9767 30.7693 2.4
      vertex 44.9767 30.7693 9.4
    endloop
  endfacet
  facet normal 0.75184 -0.659346 0
    outer loop
      vertex 44.6749 30.4251 2.4
      vertex 44.9767 30.7693 9.4
      vertex 44.6749 30.4251 9.4
    endloop
  endfacet
  facet normal -0.75184 0.659346 0
    outer loop
      vertex 43.4694 31.926 2.4
      vertex 43.3314 31.7686 2.4
      vertex 43.3314 31.7686 9.4
    endloop
  endfacet
  facet normal -0.75184 0.659346 0
    outer loop
      vertex 43.4694 31.926 2.4
      vertex 43.3314 31.7686 9.4
      vertex 43.4694 31.926 9.4
    endloop
  endfacet
  facet normal 0 -0 1
    outer loop
      vertex 44.6749 30.4251 9.4
      vertex 44.9767 30.7693 9.4
      vertex 43.4694 31.926 9.4
    endloop
  endfacet
  facet normal 0 0 1
    outer loop
      vertex 44.6749 30.4251 9.4
      vertex 43.4694 31.926 9.4
      vertex 43.3314 31.7686 9.4
    endloop
  endfacet
  facet normal -0 0 -1
    outer loop
      vertex 44.9767 30.7693 2.4
      vertex 44.6749 30.4251 2.4
      vertex 43.3314 31.7686 2.4
    endloop
  endfacet
  facet normal 0 0 -1
    outer loop
      vertex 44.9767 30.7693 2.4
      vertex 43.3314 31.7686 2.4
      vertex 43.4694 31.926 2.4
    endloop
  endfacet
  facet normal 0.83147 -0.55557 0
    outer loop
      vertex 44.9767 30.7693 2.4
      vertex 45.2311 31.15 2.4
      vertex 45.2311 31.15 9.4
    endloop
  endfacet
  facet normal 0.83147 -0.55557 0
    outer loop
      vertex 44.9767 30.7693 2.4
      vertex 45.2311 31.15 9.4
      vertex 44.9767 30.7693 9.4
    endloop
  endfacet
  facet normal -0.83147 0.55557 0
    outer loop
      vertex 43.5856 32.1 2.4
      vertex 43.4694 31.926 2.4
      vertex 43.4694 31.926 9.4
    endloop
  endfacet
  facet normal -0.83147 0.55557 0
    outer loop
      vertex 43.5856 32.1 2.4
      vertex 43.4694 31.926 9.4
      vertex 43.5856 32.1 9.4
    endloop
  endfacet
  facet normal 0 -0 1
    outer loop
      vertex 44.9767 30.7693 9.4
      vertex 45.2311 31.15 9.4
      vertex 43.5856 32.1 9.4
    endloop
  endfacet
  facet normal 0 0 1
    outer loop
      vertex 44.9767 30.7693 9.4
      vertex 43.5856 32.1 9.4
      vertex 43.4694 31.926 9.4
    endloop
  endfacet
  facet normal -0 0 -1
    outer loop
      vertex 45.2311 31.15 2.4
      vertex 44.9767 30.7693 2.4
      vertex 43.4694 31.926 2.4
    endloop
  endfacet
  facet normal 0 0 -1
    outer loop
      vertex 45.2311 31.15 2.4
      vertex 43.4694 31.926 2.4
      vertex 43.5856 32.1 2.4
    endloop
  endfacet
  facet normal 0.896873 -0.442289 0
    outer loop
      vertex 45.2311 31.15 2.4
      vertex 45.4336 31.5606 2.4
      vertex 45.4336 31.5606 9.4
    endloop
  endfacet
  facet normal 0.896873 -0.442289 0
    outer loop
      vertex 45.2311 31.15 2.4
      vertex 45.4336 31.5606 9.4
      vertex 45.2311 31.15 9.4
    endloop
  endfacet
  facet normal -0.896873 0.442289 0
    outer loop
      vertex 43.6782 32.2877 2.4
      vertex 43.5856 32.1 2.4
      vertex 43.5856 32.1 9.4
    endloop
  endfacet
  facet normal -0.896873 0.442289 0
    outer loop
      vertex 43.6782 32.2877 2.4
      vertex 43.5856 32.1 9.4
      vertex 43.6782 32.2877 9.4
    endloop
  endfacet
  facet normal 0 -0 1
    outer loop
      vertex 45.2311 31.15 9.4
      vertex 45.4336 31.5606 9.4
      vertex 43.6782 32.2877 9.4
    endloop
  endfacet
  facet normal 0 0 1
    outer loop
      vertex 45.2311 31.15 9.4
      vertex 43.6782 32.2877 9.4
      vertex 43.5856 32.1 9.4
    endloop
  endfacet
  facet normal -0 0 -1
    outer loop
      vertex 45.4336 31.5606 2.4
      vertex 45.2311 31.15 2.4
      vertex 43.5856 32.1 2.4
    endloop
  endfacet
  facet normal 0 0 -1
    outer loop
      vertex 45.4336 31.5606 2.4
      vertex 43.5856 32.1 2.4
      vertex 43.6782 32.2877 2.4
    endloop
  endfacet
  facet normal 0.94693 -0.321439 0
    outer loop
      vertex 45.4336 31.5606 2.4
      vertex 45.5807 31.9941 2.4
      vertex 45.5807 31.9941 9.4
    endloop
  endfacet
  facet normal 0.94693 -0.321439 0
    outer loop
      vertex 45.4336 31.5606 2.4
      vertex 45.5807 31.9941 9.4
      vertex 45.4336 31.5606 9.4
    endloop
  endfacet
  facet normal -0.94693 0.321439 0
    outer loop
      vertex 43.7455 32.4859 2.4
      vertex 43.6782 32.2877 2.4
      vertex 43.6782 32.2877 9.4
    endloop
  endfacet
  facet normal -0.94693 0.321439 0
    outer loop
      vertex 43.7455 32.4859 2.4
      vertex 43.6782 32.2877 9.4
      vertex 43.7455 32.4859 9.4
    endloop
  endfacet
  facet normal 0 -0 1
    outer loop
      vertex 45.4336 31.5606 9.4
      vertex 45.5807 31.9941 9.4
      vertex 43.7455 32.4859 9.4
    endloop
  endfacet
  facet normal 0 0 1
    outer loop
      vertex 45.4336 31.5606 9.4
      vertex 43.7455 32.4859 9.4
      vertex 43.6782 32.2877 9.4
    endloop
  endfacet
  facet normal -0 0 -1
    outer loop
      vertex 45.5807 31.9941 2.4
      vertex 45.4336 31.5606 2.4
      vertex 43.6782 32.2877 2.4
    endloop
  endfacet
  facet normal 0 0 -1
    outer loop
      vertex 45.5807 31.9941 2.4
      vertex 43.6782 32.2877 2.4
      vertex 43.7455 32.4859 2.4
    endloop
  endfacet
  facet normal 0.980785 -0.19509 0
    outer loop
      vertex 45.5807 31.9941 2.4
      vertex 45.6701 32.4432 2.4
      vertex 45.6701 32.4432 9.4
    endloop
  endfacet
  facet normal 0.980785 -0.19509 0
    outer loop
      vertex 45.5807 31.9941 2.4
      vertex 45.6701 32.4432 9.4
      vertex 45.5807 31.9941 9.4
    endloop
  endfacet
  facet normal -0.980785 0.19509 0
    outer loop
      vertex 43.7863 32.6912 2.4
      vertex 43.7455 32.4859 2.4
      vertex 43.7455 32.4859 9.4
    endloop
  endfacet
  facet normal -0.980785 0.19509 0
    outer loop
      vertex 43.7863 32.6912 2.4
      vertex 43.7455 32.4859 9.4
      vertex 43.7863 32.6912 9.4
    endloop
  endfacet
  facet normal 0 -0 1
    outer loop
      vertex 45.5807 31.9941 9.4
      vertex 45.6701 32.4432 9.4
      vertex 43.7863 32.6912 9.4
    endloop
  endfacet
  facet normal 0 0 1
    outer loop
      vertex 45.5807 31.9941 9.4
      vertex 43.7863 32.6912 9.4
      vertex 43.7455 32.4859 9.4
    endloop
  endfacet
  facet normal -0 0 -1
    outer loop
      vertex 45.6701 32.4432 2.4
      vertex 45.5807 31.9941 2.4
      vertex 43.7455 32.4859 2.4
    endloop
  endfacet
  facet normal 0 0 -1
    outer loop
      vertex 45.6701 32.4432 2.4
      vertex 43.7455 32.4859 2.4
      vertex 43.7863 32.6912 2.4
    endloop
  endfacet
  facet normal 0.997859 -0.0654031 0
    outer loop
      vertex 45.6701 32.4432 2.4
      vertex 45.7 32.9 2.4
      vertex 45.7 32.9 9.4
    endloop
  endfacet
  facet normal 0.997859 -0.0654031 0
    outer loop
      vertex 45.6701 32.4432 2.4
      vertex 45.7 32.9 9.4
      vertex 45.6701 32.4432 9.4
    endloop
  endfacet
  facet normal -0.997859 0.0654031 0
    outer loop
      vertex 43.8 32.9 2.4
      vertex 43.7863 32.6912 2.4
      vertex 43.7863 32.6912 9.4
    endloop
  endfacet
  facet normal -0.997859 0.0654031 0
    outer loop
      vertex 43.8 32.9 2.4
      vertex 43.7863 32.6912 9.4
      vertex 43.8 32.9 9.4
    endloop
  endfacet
  facet normal 0 -0 1
    outer loop
      vertex 45.6701 32.4432 9.4
      vertex 45.7 32.9 9.4
      vertex 43.8 32.9 9.4
    endloop
  endfacet
  facet normal 0 0 1
    outer loop
      vertex 45.6701 32.4432 9.4
      vertex 43.8 32.9 9.4
      vertex 43.7863 32.6912 9.4
    endloop
  endfacet
  facet normal 0 0 -1
    outer loop
      vertex 45.7 32.9 2.4
      vertex 45.6701 32.4432 2.4
      vertex 43.7863 32.6912 2.4
    endloop
  endfacet
  facet normal -0 0 -1
    outer loop
      vertex 45.7 32.9 2.4
      vertex 43.7863 32.6912 2.4
      vertex 43.8 32.9 2.4
    endloop
  endfacet
endsolid expression_controller_baseplate
